PNG_Filename,JPG_Filename,Unique_ID,Unique_Name,Name_withDuplicates,PokeNum_withDuplicates,Primary,Secondary,Bug,Dark,Dragon,Electric,Fairy,Fighting,Fire,Flying,Ghost,Grass,Ground,Ice,Normal,Poison,Psychic,Rock,Steel,Water
1.png,1.jpg,1,Bulbasaur,Bulbasaur,1,Grass,Poison,0,0,0,0,0,0,0,0,0,1,0,0,0,1,0,0,0,0
2.png,2.jpg,2,Ivysaur,Ivysaur,2,Grass,Poison,0,0,0,0,0,0,0,0,0,1,0,0,0,1,0,0,0,0
3.png,3.jpg,3,Venusaur,Venusaur,3,Grass,Poison,0,0,0,0,0,0,0,0,0,1,0,0,0,1,0,0,0,0
3-mega.png,3-mega.jpg,3-mega,Venusaur-mega,Venusaur,3,Grass,Poison,0,0,0,0,0,0,0,0,0,1,0,0,0,1,0,0,0,0
4.png,4.jpg,4,Charmander,Charmander,4,Fire,,0,0,0,0,0,0,1,0,0,0,0,0,0,0,0,0,0,0
5.png,5.jpg,5,Charmeleon,Charmeleon,5,Fire,,0,0,0,0,0,0,1,0,0,0,0,0,0,0,0,0,0,0
6.png,6.jpg,6,Charizard,Charizard,6,Fire,Flying,0,0,0,0,0,0,1,1,0,0,0,0,0,0,0,0,0,0
6-mega-x.png,6-mega-x.jpg,6-mega-x,Charizard-mega-x,Charizard,6,Fire,Dragon,0,0,1,0,0,0,1,0,0,0,0,0,0,0,0,0,0,0
6-mega-y.png,6-mega-y.jpg,6-mega-y,Charizard-mega-y,Charizard,6,Fire,Flying,0,0,0,0,0,0,1,1,0,0,0,0,0,0,0,0,0,0
7.png,7.jpg,7,Squirtle,Squirtle,7,Water,,0,0,0,0,0,0,0,0,0,0,0,0,0,0,0,0,0,1
8.png,8.jpg,8,Wartortle,Wartortle,8,Water,,0,0,0,0,0,0,0,0,0,0,0,0,0,0,0,0,0,1
9.png,9.jpg,9,Blastoise,Blastoise,9,Water,,0,0,0,0,0,0,0,0,0,0,0,0,0,0,0,0,0,1
9-mega.png,9-mega.jpg,9-mega,Blastoise-mega,Blastoise,9,Water,,0,0,0,0,0,0,0,0,0,0,0,0,0,0,0,0,0,1
10.png,10.jpg,10,Caterpie,Caterpie,10,Bug,,1,0,0,0,0,0,0,0,0,0,0,0,0,0,0,0,0,0
11.png,11.jpg,11,Metapod,Metapod,11,Bug,,1,0,0,0,0,0,0,0,0,0,0,0,0,0,0,0,0,0
12.png,12.jpg,12,Butterfree,Butterfree,12,Bug,Flying,1,0,0,0,0,0,0,1,0,0,0,0,0,0,0,0,0,0
13.png,13.jpg,13,Weedle,Weedle,13,Bug,Poison,1,0,0,0,0,0,0,0,0,0,0,0,0,1,0,0,0,0
14.png,14.jpg,14,Kakuna,Kakuna,14,Bug,Poison,1,0,0,0,0,0,0,0,0,0,0,0,0,1,0,0,0,0
15.png,15.jpg,15,Beedrill,Beedrill,15,Bug,Poison,1,0,0,0,0,0,0,0,0,0,0,0,0,1,0,0,0,0
15-mega.png,15-mega.jpg,15-mega,Beedrill-mega,Beedrill,15,Bug,Poison,1,0,0,0,0,0,0,0,0,0,0,0,0,1,0,0,0,0
16.png,16.jpg,16,Pidgey,Pidgey,16,Normal,Flying,0,0,0,0,0,0,0,1,0,0,0,0,1,0,0,0,0,0
17.png,17.jpg,17,Pidgeotto,Pidgeotto,17,Normal,Flying,0,0,0,0,0,0,0,1,0,0,0,0,1,0,0,0,0,0
18.png,18.jpg,18,Pidgeot,Pidgeot,18,Normal,Flying,0,0,0,0,0,0,0,1,0,0,0,0,1,0,0,0,0,0
18-mega.png,18-mega.jpg,18-mega,Pidgeot-mega,Pidgeot,18,Normal,Flying,0,0,0,0,0,0,0,1,0,0,0,0,1,0,0,0,0,0
19.png,19.jpg,19,Rattata,Rattata,19,Normal,,0,0,0,0,0,0,0,0,0,0,0,0,1,0,0,0,0,0
20.png,20.jpg,20,Raticate,Raticate,20,Normal,,0,0,0,0,0,0,0,0,0,0,0,0,1,0,0,0,0,0
21.png,21.jpg,21,Spearow,Spearow,21,Normal,Flying,0,0,0,0,0,0,0,1,0,0,0,0,1,0,0,0,0,0
22.png,22.jpg,22,Fearow,Fearow,22,Normal,Flying,0,0,0,0,0,0,0,1,0,0,0,0,1,0,0,0,0,0
23.png,23.jpg,23,Ekans,Ekans,23,Poison,,0,0,0,0,0,0,0,0,0,0,0,0,0,1,0,0,0,0
24.png,24.jpg,24,Arbok,Arbok,24,Poison,,0,0,0,0,0,0,0,0,0,0,0,0,0,1,0,0,0,0
25.png,25.jpg,25,Pikachu,Pikachu,25,Electric,,0,0,0,1,0,0,0,0,0,0,0,0,0,0,0,0,0,0
25-belle.png,25-belle.jpg,25-belle,Pikachu-belle,Pikachu,25,Electric,,0,0,0,1,0,0,0,0,0,0,0,0,0,0,0,0,0,0
25-libre.png,25-libre.jpg,25-libre,Pikachu-libre,Pikachu,25,Electric,,0,0,0,1,0,0,0,0,0,0,0,0,0,0,0,0,0,0
25-phd.png,25-phd.jpg,25-phd,Pikachu-phd,Pikachu,25,Electric,,0,0,0,1,0,0,0,0,0,0,0,0,0,0,0,0,0,0
25-pop-star.png,25-pop-star.jpg,25-pop-star,Pikachu-pop-star,Pikachu,25,Electric,,0,0,0,1,0,0,0,0,0,0,0,0,0,0,0,0,0,0
25-rock-star.png,25-rock-star.jpg,25-rock-star,Pikachu-rock-star,Pikachu,25,Electric,,0,0,0,1,0,0,0,0,0,0,0,0,0,0,0,0,0,0
26.png,26.jpg,26,Raichu,Raichu,26,Electric,,0,0,0,1,0,0,0,0,0,0,0,0,0,0,0,0,0,0
27.png,27.jpg,27,Sandshrew,Sandshrew,27,Ground,,0,0,0,0,0,0,0,0,0,0,1,0,0,0,0,0,0,0
28.png,28.jpg,28,Sandslash,Sandslash,28,Ground,,0,0,0,0,0,0,0,0,0,0,1,0,0,0,0,0,0,0
29.png,29.jpg,29,Nidoran-F,Nidoran-F,29,Poison,,0,0,0,0,0,0,0,0,0,0,0,0,0,1,0,0,0,0
30.png,30.jpg,30,Nidorina,Nidorina,30,Poison,,0,0,0,0,0,0,0,0,0,0,0,0,0,1,0,0,0,0
31.png,31.jpg,31,Nidoqueen,Nidoqueen,31,Poison,Ground,0,0,0,0,0,0,0,0,0,0,1,0,0,1,0,0,0,0
32.png,32.jpg,32,Nidoran-M,Nidoran-M,32,Poison,,0,0,0,0,0,0,0,0,0,0,0,0,0,1,0,0,0,0
33.png,33.jpg,33,Nidorino,Nidorino,33,Poison,,0,0,0,0,0,0,0,0,0,0,0,0,0,1,0,0,0,0
34.png,34.jpg,34,Nidoking,Nidoking,34,Poison,Ground,0,0,0,0,0,0,0,0,0,0,1,0,0,1,0,0,0,0
35.png,35.jpg,35,Clefairy,Clefairy,35,Fairy,,0,0,0,0,1,0,0,0,0,0,0,0,0,0,0,0,0,0
36.png,36.jpg,36,Clefable,Clefable,36,Fairy,,0,0,0,0,1,0,0,0,0,0,0,0,0,0,0,0,0,0
37.png,37.jpg,37,Vulpix,Vulpix,37,Fire,,0,0,0,0,0,0,1,0,0,0,0,0,0,0,0,0,0,0
38.png,38.jpg,38,Ninetales,Ninetales,38,Fire,,0,0,0,0,0,0,1,0,0,0,0,0,0,0,0,0,0,0
39.png,39.jpg,39,Jigglypuff,Jigglypuff,39,Normal,Fairy,0,0,0,0,1,0,0,0,0,0,0,0,1,0,0,0,0,0
40.png,40.jpg,40,Wigglytuff,Wigglytuff,40,Normal,Fairy,0,0,0,0,1,0,0,0,0,0,0,0,1,0,0,0,0,0
41.png,41.jpg,41,Zubat,Zubat,41,Poison,Flying,0,0,0,0,0,0,0,1,0,0,0,0,0,1,0,0,0,0
42.png,42.jpg,42,Golbat,Golbat,42,Poison,Flying,0,0,0,0,0,0,0,1,0,0,0,0,0,1,0,0,0,0
43.png,43.jpg,43,Oddish,Oddish,43,Grass,Poison,0,0,0,0,0,0,0,0,0,1,0,0,0,1,0,0,0,0
44.png,44.jpg,44,Gloom,Gloom,44,Grass,Poison,0,0,0,0,0,0,0,0,0,1,0,0,0,1,0,0,0,0
45.png,45.jpg,45,Vileplume,Vileplume,45,Grass,Poison,0,0,0,0,0,0,0,0,0,1,0,0,0,1,0,0,0,0
46.png,46.jpg,46,Paras,Paras,46,Bug,Grass,1,0,0,0,0,0,0,0,0,1,0,0,0,0,0,0,0,0
47.png,47.jpg,47,Parasect,Parasect,47,Bug,Grass,1,0,0,0,0,0,0,0,0,1,0,0,0,0,0,0,0,0
48.png,48.jpg,48,Venonat,Venonat,48,Bug,Poison,1,0,0,0,0,0,0,0,0,0,0,0,0,1,0,0,0,0
49.png,49.jpg,49,Venomoth,Venomoth,49,Bug,Poison,1,0,0,0,0,0,0,0,0,0,0,0,0,1,0,0,0,0
50.png,50.jpg,50,Diglett,Diglett,50,Ground,,0,0,0,0,0,0,0,0,0,0,1,0,0,0,0,0,0,0
51.png,51.jpg,51,Dugtrio,Dugtrio,51,Ground,,0,0,0,0,0,0,0,0,0,0,1,0,0,0,0,0,0,0
52.png,52.jpg,52,Meowth,Meowth,52,Normal,,0,0,0,0,0,0,0,0,0,0,0,0,1,0,0,0,0,0
53.png,53.jpg,53,Persian,Persian,53,Normal,,0,0,0,0,0,0,0,0,0,0,0,0,1,0,0,0,0,0
54.png,54.jpg,54,Psyduck,Psyduck,54,Water,,0,0,0,0,0,0,0,0,0,0,0,0,0,0,0,0,0,1
55.png,55.jpg,55,Golduck,Golduck,55,Water,,0,0,0,0,0,0,0,0,0,0,0,0,0,0,0,0,0,1
56.png,56.jpg,56,Mankey,Mankey,56,Fighting,,0,0,0,0,0,1,0,0,0,0,0,0,0,0,0,0,0,0
57.png,57.jpg,57,Primeape,Primeape,57,Fighting,,0,0,0,0,0,1,0,0,0,0,0,0,0,0,0,0,0,0
58.png,58.jpg,58,Growlithe,Growlithe,58,Fire,,0,0,0,0,0,0,1,0,0,0,0,0,0,0,0,0,0,0
59.png,59.jpg,59,Arcanine,Arcanine,59,Fire,,0,0,0,0,0,0,1,0,0,0,0,0,0,0,0,0,0,0
60.png,60.jpg,60,Poliwag,Poliwag,60,Water,,0,0,0,0,0,0,0,0,0,0,0,0,0,0,0,0,0,1
61.png,61.jpg,61,Poliwhirl,Poliwhirl,61,Water,,0,0,0,0,0,0,0,0,0,0,0,0,0,0,0,0,0,1
62.png,62.jpg,62,Poliwrath,Poliwrath,62,Water,Fighting,0,0,0,0,0,1,0,0,0,0,0,0,0,0,0,0,0,1
63.png,63.jpg,63,Abra,Abra,63,Psychic,,0,0,0,0,0,0,0,0,0,0,0,0,0,0,1,0,0,0
64.png,64.jpg,64,Kadabra,Kadabra,64,Psychic,,0,0,0,0,0,0,0,0,0,0,0,0,0,0,1,0,0,0
65.png,65.jpg,65,Alakazam,Alakazam,65,Psychic,,0,0,0,0,0,0,0,0,0,0,0,0,0,0,1,0,0,0
65-mega.png,65-mega.jpg,65-mega,Alakazam-mega,Alakazam,65,Psychic,,0,0,0,0,0,0,0,0,0,0,0,0,0,0,1,0,0,0
66.png,66.jpg,66,Machop,Machop,66,Fighting,,0,0,0,0,0,1,0,0,0,0,0,0,0,0,0,0,0,0
67.png,67.jpg,67,Machoke,Machoke,67,Fighting,,0,0,0,0,0,1,0,0,0,0,0,0,0,0,0,0,0,0
68.png,68.jpg,68,Machamp,Machamp,68,Fighting,,0,0,0,0,0,1,0,0,0,0,0,0,0,0,0,0,0,0
69.png,69.jpg,69,Bellsprout,Bellsprout,69,Grass,Poison,0,0,0,0,0,0,0,0,0,1,0,0,0,1,0,0,0,0
70.png,70.jpg,70,Weepinbell,Weepinbell,70,Grass,Poison,0,0,0,0,0,0,0,0,0,1,0,0,0,1,0,0,0,0
71.png,71.jpg,71,Victreebel,Victreebel,71,Grass,Poison,0,0,0,0,0,0,0,0,0,1,0,0,0,1,0,0,0,0
72.png,72.jpg,72,Tentacool,Tentacool,72,Water,Poison,0,0,0,0,0,0,0,0,0,0,0,0,0,1,0,0,0,1
73.png,73.jpg,73,Tentacruel,Tentacruel,73,Water,Poison,0,0,0,0,0,0,0,0,0,0,0,0,0,1,0,0,0,1
74.png,74.jpg,74,Geodude,Geodude,74,Rock,Ground,0,0,0,0,0,0,0,0,0,0,1,0,0,0,0,1,0,0
75.png,75.jpg,75,Graveler,Graveler,75,Rock,Ground,0,0,0,0,0,0,0,0,0,0,1,0,0,0,0,1,0,0
76.png,76.jpg,76,Golem,Golem,76,Rock,Ground,0,0,0,0,0,0,0,0,0,0,1,0,0,0,0,1,0,0
77.png,77.jpg,77,Ponyta,Ponyta,77,Fire,,0,0,0,0,0,0,1,0,0,0,0,0,0,0,0,0,0,0
78.png,78.jpg,78,Rapidash,Rapidash,78,Fire,,0,0,0,0,0,0,1,0,0,0,0,0,0,0,0,0,0,0
79.png,79.jpg,79,Slowpoke,Slowpoke,79,Water,Psychic,0,0,0,0,0,0,0,0,0,0,0,0,0,0,1,0,0,1
80.png,80.jpg,80,Slowbro,Slowbro,80,Water,Psychic,0,0,0,0,0,0,0,0,0,0,0,0,0,0,1,0,0,1
80-mega.png,80-mega.jpg,80-mega,Slowbro-mega,Slowbro,80,Water,Psychic,0,0,0,0,0,0,0,0,0,0,0,0,0,0,1,0,0,1
81.png,81.jpg,81,Magnemite,Magnemite,81,Electric,Steel,0,0,0,1,0,0,0,0,0,0,0,0,0,0,0,0,1,0
82.png,82.jpg,82,Magneton,Magneton,82,Electric,Steel,0,0,0,1,0,0,0,0,0,0,0,0,0,0,0,0,1,0
83.png,83.jpg,83,Farfetch'd,Farfetch'd,83,Normal,Flying,0,0,0,0,0,0,0,1,0,0,0,0,1,0,0,0,0,0
84.png,84.jpg,84,Doduo,Doduo,84,Normal,Flying,0,0,0,0,0,0,0,1,0,0,0,0,1,0,0,0,0,0
85.png,85.jpg,85,Dodrio,Dodrio,85,Normal,Flying,0,0,0,0,0,0,0,1,0,0,0,0,1,0,0,0,0,0
86.png,86.jpg,86,Seel,Seel,86,Water,,0,0,0,0,0,0,0,0,0,0,0,0,0,0,0,0,0,1
87.png,87.jpg,87,Dewgong,Dewgong,87,Water,Ice,0,0,0,0,0,0,0,0,0,0,0,1,0,0,0,0,0,1
88.png,88.jpg,88,Grimer,Grimer,88,Poison,,0,0,0,0,0,0,0,0,0,0,0,0,0,1,0,0,0,0
89.png,89.jpg,89,Muk,Muk,89,Poison,,0,0,0,0,0,0,0,0,0,0,0,0,0,1,0,0,0,0
90.png,90.jpg,90,Shellder,Shellder,90,Water,,0,0,0,0,0,0,0,0,0,0,0,0,0,0,0,0,0,1
91.png,91.jpg,91,Cloyster,Cloyster,91,Water,Ice,0,0,0,0,0,0,0,0,0,0,0,1,0,0,0,0,0,1
92.png,92.jpg,92,Gastly,Gastly,92,Ghost,Poison,0,0,0,0,0,0,0,0,1,0,0,0,0,1,0,0,0,0
93.png,93.jpg,93,Haunter,Haunter,93,Ghost,Poison,0,0,0,0,0,0,0,0,1,0,0,0,0,1,0,0,0,0
94.png,94.jpg,94,Gengar,Gengar,94,Ghost,Poison,0,0,0,0,0,0,0,0,1,0,0,0,0,1,0,0,0,0
94-mega.png,94-mega.jpg,94-mega,Gengar-mega,Gengar,94,Ghost,Poison,0,0,0,0,0,0,0,0,1,0,0,0,0,1,0,0,0,0
95.png,95.jpg,95,Onix,Onix,95,Rock,Ground,0,0,0,0,0,0,0,0,0,0,1,0,0,0,0,1,0,0
96.png,96.jpg,96,Drowzee,Drowzee,96,Psychic,,0,0,0,0,0,0,0,0,0,0,0,0,0,0,1,0,0,0
97.png,97.jpg,97,Hypno,Hypno,97,Psychic,,0,0,0,0,0,0,0,0,0,0,0,0,0,0,1,0,0,0
98.png,98.jpg,98,Krabby,Krabby,98,Water,,0,0,0,0,0,0,0,0,0,0,0,0,0,0,0,0,0,1
99.png,99.jpg,99,Kingler,Kingler,99,Water,,0,0,0,0,0,0,0,0,0,0,0,0,0,0,0,0,0,1
100.png,100.jpg,100,Voltorb,Voltorb,100,Electric,,0,0,0,1,0,0,0,0,0,0,0,0,0,0,0,0,0,0
101.png,101.jpg,101,Electrode,Electrode,101,Electric,,0,0,0,1,0,0,0,0,0,0,0,0,0,0,0,0,0,0
102.png,102.jpg,102,Exeggcute,Exeggcute,102,Grass,Psychic,0,0,0,0,0,0,0,0,0,1,0,0,0,0,1,0,0,0
103.png,103.jpg,103,Exeggutor,Exeggutor,103,Grass,Psychic,0,0,0,0,0,0,0,0,0,1,0,0,0,0,1,0,0,0
104.png,104.jpg,104,Cubone,Cubone,104,Ground,,0,0,0,0,0,0,0,0,0,0,1,0,0,0,0,0,0,0
105.png,105.jpg,105,Marowak,Marowak,105,Ground,,0,0,0,0,0,0,0,0,0,0,1,0,0,0,0,0,0,0
106.png,106.jpg,106,Hitmonlee,Hitmonlee,106,Fighting,,0,0,0,0,0,1,0,0,0,0,0,0,0,0,0,0,0,0
107.png,107.jpg,107,Hitmonchan,Hitmonchan,107,Fighting,,0,0,0,0,0,1,0,0,0,0,0,0,0,0,0,0,0,0
108.png,108.jpg,108,Lickitung,Lickitung,108,Normal,,0,0,0,0,0,0,0,0,0,0,0,0,1,0,0,0,0,0
109.png,109.jpg,109,Koffing,Koffing,109,Poison,,0,0,0,0,0,0,0,0,0,0,0,0,0,1,0,0,0,0
110.png,110.jpg,110,Weezing,Weezing,110,Poison,,0,0,0,0,0,0,0,0,0,0,0,0,0,1,0,0,0,0
111.png,111.jpg,111,Rhyhorn,Rhyhorn,111,Ground,Rock,0,0,0,0,0,0,0,0,0,0,1,0,0,0,0,1,0,0
112.png,112.jpg,112,Rhydon,Rhydon,112,Ground,Rock,0,0,0,0,0,0,0,0,0,0,1,0,0,0,0,1,0,0
113.png,113.jpg,113,Chansey,Chansey,113,Normal,,0,0,0,0,0,0,0,0,0,0,0,0,1,0,0,0,0,0
114.png,114.jpg,114,Tangela,Tangela,114,Grass,,0,0,0,0,0,0,0,0,0,1,0,0,0,0,0,0,0,0
115.png,115.jpg,115,Kangaskhan,Kangaskhan,115,Normal,,0,0,0,0,0,0,0,0,0,0,0,0,1,0,0,0,0,0
115-mega.png,115-mega.jpg,115-mega,Kangaskhan-mega,Kangaskhan,115,Normal,,0,0,0,0,0,0,0,0,0,0,0,0,1,0,0,0,0,0
116.png,116.jpg,116,Horsea,Horsea,116,Water,,0,0,0,0,0,0,0,0,0,0,0,0,0,0,0,0,0,1
117.png,117.jpg,117,Seadra,Seadra,117,Water,,0,0,0,0,0,0,0,0,0,0,0,0,0,0,0,0,0,1
118.png,118.jpg,118,Goldeen,Goldeen,118,Water,,0,0,0,0,0,0,0,0,0,0,0,0,0,0,0,0,0,1
119.png,119.jpg,119,Seaking,Seaking,119,Water,,0,0,0,0,0,0,0,0,0,0,0,0,0,0,0,0,0,1
120.png,120.jpg,120,Staryu,Staryu,120,Water,,0,0,0,0,0,0,0,0,0,0,0,0,0,0,0,0,0,1
121.png,121.jpg,121,Starmie,Starmie,121,Water,Psychic,0,0,0,0,0,0,0,0,0,0,0,0,0,0,1,0,0,1
122.png,122.jpg,122,Mr. Mime,Mr. Mime,122,Psychic,Fairy,0,0,0,0,1,0,0,0,0,0,0,0,0,0,1,0,0,0
123.png,123.jpg,123,Scyther,Scyther,123,Bug,Flying,1,0,0,0,0,0,0,1,0,0,0,0,0,0,0,0,0,0
124.png,124.jpg,124,Jynx,Jynx,124,Ice,Psychic,0,0,0,0,0,0,0,0,0,0,0,1,0,0,1,0,0,0
125.png,125.jpg,125,Electabuzz,Electabuzz,125,Electric,,0,0,0,1,0,0,0,0,0,0,0,0,0,0,0,0,0,0
126.png,126.jpg,126,Magmar,Magmar,126,Fire,,0,0,0,0,0,0,1,0,0,0,0,0,0,0,0,0,0,0
127.png,127.jpg,127,Pinsir,Pinsir,127,Bug,,1,0,0,0,0,0,0,0,0,0,0,0,0,0,0,0,0,0
127-mega.png,127-mega.jpg,127-mega,Pinsir-mega,Pinsir,127,Bug,Flying,1,0,0,0,0,0,0,1,0,0,0,0,0,0,0,0,0,0
128.png,128.jpg,128,Tauros,Tauros,128,Normal,,0,0,0,0,0,0,0,0,0,0,0,0,1,0,0,0,0,0
129.png,129.jpg,129,Magikarp,Magikarp,129,Water,,0,0,0,0,0,0,0,0,0,0,0,0,0,0,0,0,0,1
130.png,130.jpg,130,Gyarados,Gyarados,130,Water,Flying,0,0,0,0,0,0,0,1,0,0,0,0,0,0,0,0,0,1
130-mega.png,130-mega.jpg,130-mega,Gyarados-mega,Gyarados,130,Water,Dark,0,1,0,0,0,0,0,0,0,0,0,0,0,0,0,0,0,1
131.png,131.jpg,131,Lapras,Lapras,131,Water,Ice,0,0,0,0,0,0,0,0,0,0,0,1,0,0,0,0,0,1
132.png,132.jpg,132,Ditto,Ditto,132,Normal,,0,0,0,0,0,0,0,0,0,0,0,0,1,0,0,0,0,0
133.png,133.jpg,133,Eevee,Eevee,133,Normal,,0,0,0,0,0,0,0,0,0,0,0,0,1,0,0,0,0,0
134.png,134.jpg,134,Vaporeon,Vaporeon,134,Water,,0,0,0,0,0,0,0,0,0,0,0,0,0,0,0,0,0,1
135.png,135.jpg,135,Jolteon,Jolteon,135,Electric,,0,0,0,1,0,0,0,0,0,0,0,0,0,0,0,0,0,0
136.png,136.jpg,136,Flareon,Flareon,136,Fire,,0,0,0,0,0,0,1,0,0,0,0,0,0,0,0,0,0,0
137.png,137.jpg,137,Porygon,Porygon,137,Normal,,0,0,0,0,0,0,0,0,0,0,0,0,1,0,0,0,0,0
138.png,138.jpg,138,Omanyte,Omanyte,138,Rock,Water,0,0,0,0,0,0,0,0,0,0,0,0,0,0,0,1,0,1
139.png,139.jpg,139,Omastar,Omastar,139,Rock,Water,0,0,0,0,0,0,0,0,0,0,0,0,0,0,0,1,0,1
140.png,140.jpg,140,Kabuto,Kabuto,140,Rock,Water,0,0,0,0,0,0,0,0,0,0,0,0,0,0,0,1,0,1
141.png,141.jpg,141,Kabutops,Kabutops,141,Rock,Water,0,0,0,0,0,0,0,0,0,0,0,0,0,0,0,1,0,1
142.png,142.jpg,142,Aerodactyl,Aerodactyl,142,Rock,Flying,0,0,0,0,0,0,0,1,0,0,0,0,0,0,0,1,0,0
142-mega.png,142-mega.jpg,142-mega,Aerodactyl-mega,Aerodactyl,142,Rock,Flying,0,0,0,0,0,0,0,1,0,0,0,0,0,0,0,1,0,0
143.png,143.jpg,143,Snorlax,Snorlax,143,Normal,,0,0,0,0,0,0,0,0,0,0,0,0,1,0,0,0,0,0
144.png,144.jpg,144,Articuno,Articuno,144,Ice,Flying,0,0,0,0,0,0,0,1,0,0,0,1,0,0,0,0,0,0
145.png,145.jpg,145,Zapdos,Zapdos,145,Electric,Flying,0,0,0,1,0,0,0,1,0,0,0,0,0,0,0,0,0,0
146.png,146.jpg,146,Moltres,Moltres,146,Fire,Flying,0,0,0,0,0,0,1,1,0,0,0,0,0,0,0,0,0,0
147.png,147.jpg,147,Dratini,Dratini,147,Dragon,,0,0,1,0,0,0,0,0,0,0,0,0,0,0,0,0,0,0
148.png,148.jpg,148,Dragonair,Dragonair,148,Dragon,,0,0,1,0,0,0,0,0,0,0,0,0,0,0,0,0,0,0
149.png,149.jpg,149,Dragonite,Dragonite,149,Dragon,Flying,0,0,1,0,0,0,0,1,0,0,0,0,0,0,0,0,0,0
150.png,150.jpg,150,Mewtwo,Mewtwo,150,Psychic,,0,0,0,0,0,0,0,0,0,0,0,0,0,0,1,0,0,0
150-mega-x.png,150-mega-x.jpg,150-mega-x,Mewtwo-mega-x,Mewtwo,150,Psychic,Fighting,0,0,0,0,0,1,0,0,0,0,0,0,0,0,1,0,0,0
150-mega-y.png,150-mega-y.jpg,150-mega-y,Mewtwo-mega-y,Mewtwo,150,Psychic,,0,0,0,0,0,0,0,0,0,0,0,0,0,0,1,0,0,0
151.png,151.jpg,151,Mew,Mew,151,Psychic,,0,0,0,0,0,0,0,0,0,0,0,0,0,0,1,0,0,0
152.png,152.jpg,152,Chikorita,Chikorita,152,Grass,,0,0,0,0,0,0,0,0,0,1,0,0,0,0,0,0,0,0
153.png,153.jpg,153,Bayleef,Bayleef,153,Grass,,0,0,0,0,0,0,0,0,0,1,0,0,0,0,0,0,0,0
154.png,154.jpg,154,Meganium,Meganium,154,Grass,,0,0,0,0,0,0,0,0,0,1,0,0,0,0,0,0,0,0
155.png,155.jpg,155,Cyndaquil,Cyndaquil,155,Fire,,0,0,0,0,0,0,1,0,0,0,0,0,0,0,0,0,0,0
156.png,156.jpg,156,Quilava,Quilava,156,Fire,,0,0,0,0,0,0,1,0,0,0,0,0,0,0,0,0,0,0
157.png,157.jpg,157,Typhlosion,Typhlosion,157,Fire,,0,0,0,0,0,0,1,0,0,0,0,0,0,0,0,0,0,0
158.png,158.jpg,158,Totodile,Totodile,158,Water,,0,0,0,0,0,0,0,0,0,0,0,0,0,0,0,0,0,1
159.png,159.jpg,159,Croconaw,Croconaw,159,Water,,0,0,0,0,0,0,0,0,0,0,0,0,0,0,0,0,0,1
160.png,160.jpg,160,Feraligatr,Feraligatr,160,Water,,0,0,0,0,0,0,0,0,0,0,0,0,0,0,0,0,0,1
161.png,161.jpg,161,Sentret,Sentret,161,Normal,,0,0,0,0,0,0,0,0,0,0,0,0,1,0,0,0,0,0
162.png,162.jpg,162,Furret,Furret,162,Normal,,0,0,0,0,0,0,0,0,0,0,0,0,1,0,0,0,0,0
163.png,163.jpg,163,Hoothoot,Hoothoot,163,Normal,Flying,0,0,0,0,0,0,0,1,0,0,0,0,1,0,0,0,0,0
164.png,164.jpg,164,Noctowl,Noctowl,164,Normal,Flying,0,0,0,0,0,0,0,1,0,0,0,0,1,0,0,0,0,0
165.png,165.jpg,165,Ledyba,Ledyba,165,Bug,Flying,1,0,0,0,0,0,0,1,0,0,0,0,0,0,0,0,0,0
166.png,166.jpg,166,Ledian,Ledian,166,Bug,Flying,1,0,0,0,0,0,0,1,0,0,0,0,0,0,0,0,0,0
167.png,167.jpg,167,Spinarak,Spinarak,167,Bug,Poison,1,0,0,0,0,0,0,0,0,0,0,0,0,1,0,0,0,0
168.png,168.jpg,168,Ariados,Ariados,168,Bug,Poison,1,0,0,0,0,0,0,0,0,0,0,0,0,1,0,0,0,0
169.png,169.jpg,169,Crobat,Crobat,169,Poison,Flying,0,0,0,0,0,0,0,1,0,0,0,0,0,1,0,0,0,0
170.png,170.jpg,170,Chinchou,Chinchou,170,Water,Electric,0,0,0,1,0,0,0,0,0,0,0,0,0,0,0,0,0,1
171.png,171.jpg,171,Lanturn,Lanturn,171,Water,Electric,0,0,0,1,0,0,0,0,0,0,0,0,0,0,0,0,0,1
172.png,172.jpg,172,Pichu,Pichu,172,Electric,,0,0,0,1,0,0,0,0,0,0,0,0,0,0,0,0,0,0
173.png,173.jpg,173,Cleffa,Cleffa,173,Fairy,,0,0,0,0,1,0,0,0,0,0,0,0,0,0,0,0,0,0
174.png,174.jpg,174,Igglybuff,Igglybuff,174,Normal,Fairy,0,0,0,0,1,0,0,0,0,0,0,0,1,0,0,0,0,0
175.png,175.jpg,175,Togepi,Togepi,175,Fairy,,0,0,0,0,1,0,0,0,0,0,0,0,0,0,0,0,0,0
176.png,176.jpg,176,Togetic,Togetic,176,Fairy,Flying,0,0,0,0,1,0,0,1,0,0,0,0,0,0,0,0,0,0
177.png,177.jpg,177,Natu,Natu,177,Psychic,Flying,0,0,0,0,0,0,0,1,0,0,0,0,0,0,1,0,0,0
178.png,178.jpg,178,Xatu,Xatu,178,Psychic,Flying,0,0,0,0,0,0,0,1,0,0,0,0,0,0,1,0,0,0
179.png,179.jpg,179,Mareep,Mareep,179,Electric,,0,0,0,1,0,0,0,0,0,0,0,0,0,0,0,0,0,0
180.png,180.jpg,180,Flaaffy,Flaaffy,180,Electric,,0,0,0,1,0,0,0,0,0,0,0,0,0,0,0,0,0,0
181.png,181.jpg,181,Ampharos,Ampharos,181,Electric,,0,0,0,1,0,0,0,0,0,0,0,0,0,0,0,0,0,0
181-mega.png,181-mega.jpg,181-mega,Ampharos-mega,Ampharos,181,Electric,Dragon,0,0,1,1,0,0,0,0,0,0,0,0,0,0,0,0,0,0
182.png,182.jpg,182,Bellossom,Bellossom,182,Grass,,0,0,0,0,0,0,0,0,0,1,0,0,0,0,0,0,0,0
183.png,183.jpg,183,Marill,Marill,183,Water,Fairy,0,0,0,0,1,0,0,0,0,0,0,0,0,0,0,0,0,1
184.png,184.jpg,184,Azumarill,Azumarill,184,Water,Fairy,0,0,0,0,1,0,0,0,0,0,0,0,0,0,0,0,0,1
185.png,185.jpg,185,Sudowoodo,Sudowoodo,185,Rock,,0,0,0,0,0,0,0,0,0,0,0,0,0,0,0,1,0,0
186.png,186.jpg,186,Politoed,Politoed,186,Water,,0,0,0,0,0,0,0,0,0,0,0,0,0,0,0,0,0,1
187.png,187.jpg,187,Hoppip,Hoppip,187,Grass,Flying,0,0,0,0,0,0,0,1,0,1,0,0,0,0,0,0,0,0
188.png,188.jpg,188,Skiploom,Skiploom,188,Grass,Flying,0,0,0,0,0,0,0,1,0,1,0,0,0,0,0,0,0,0
189.png,189.jpg,189,Jumpluff,Jumpluff,189,Grass,Flying,0,0,0,0,0,0,0,1,0,1,0,0,0,0,0,0,0,0
190.png,190.jpg,190,Aipom,Aipom,190,Normal,,0,0,0,0,0,0,0,0,0,0,0,0,1,0,0,0,0,0
191.png,191.jpg,191,Sunkern,Sunkern,191,Grass,,0,0,0,0,0,0,0,0,0,1,0,0,0,0,0,0,0,0
192.png,192.jpg,192,Sunflora,Sunflora,192,Grass,,0,0,0,0,0,0,0,0,0,1,0,0,0,0,0,0,0,0
193.png,193.jpg,193,Yanma,Yanma,193,Bug,Flying,1,0,0,0,0,0,0,1,0,0,0,0,0,0,0,0,0,0
194.png,194.jpg,194,Wooper,Wooper,194,Water,Ground,0,0,0,0,0,0,0,0,0,0,1,0,0,0,0,0,0,1
195.png,195.jpg,195,Quagsire,Quagsire,195,Water,Ground,0,0,0,0,0,0,0,0,0,0,1,0,0,0,0,0,0,1
196.png,196.jpg,196,Espeon,Espeon,196,Psychic,,0,0,0,0,0,0,0,0,0,0,0,0,0,0,1,0,0,0
197.png,197.jpg,197,Umbreon,Umbreon,197,Dark,,0,1,0,0,0,0,0,0,0,0,0,0,0,0,0,0,0,0
198.png,198.jpg,198,Murkrow,Murkrow,198,Dark,Flying,0,1,0,0,0,0,0,1,0,0,0,0,0,0,0,0,0,0
199.png,199.jpg,199,Slowking,Slowking,199,Water,Psychic,0,0,0,0,0,0,0,0,0,0,0,0,0,0,1,0,0,1
200.png,200.jpg,200,Misdreavus,Misdreavus,200,Ghost,,0,0,0,0,0,0,0,0,1,0,0,0,0,0,0,0,0,0
201-f.png,201-f.jpg,201-f,Unown-f,Unown,201,Psychic,,0,0,0,0,0,0,0,0,0,0,0,0,0,0,1,0,0,0
202.png,202.jpg,202,Wobbuffet,Wobbuffet,202,Psychic,,0,0,0,0,0,0,0,0,0,0,0,0,0,0,1,0,0,0
203.png,203.jpg,203,Girafarig,Girafarig,203,Normal,Psychic,0,0,0,0,0,0,0,0,0,0,0,0,1,0,1,0,0,0
204.png,204.jpg,204,Pineco,Pineco,204,Bug,,1,0,0,0,0,0,0,0,0,0,0,0,0,0,0,0,0,0
205.png,205.jpg,205,Forretress,Forretress,205,Bug,Steel,1,0,0,0,0,0,0,0,0,0,0,0,0,0,0,0,1,0
206.png,206.jpg,206,Dunsparce,Dunsparce,206,Normal,,0,0,0,0,0,0,0,0,0,0,0,0,1,0,0,0,0,0
207.png,207.jpg,207,Gligar,Gligar,207,Ground,Flying,0,0,0,0,0,0,0,1,0,0,1,0,0,0,0,0,0,0
208.png,208.jpg,208,Steelix,Steelix,208,Steel,Ground,0,0,0,0,0,0,0,0,0,0,1,0,0,0,0,0,1,0
208-mega.png,208-mega.jpg,208-mega,Steelix-mega,Steelix,208,Steel,Ground,0,0,0,0,0,0,0,0,0,0,1,0,0,0,0,0,1,0
209.png,209.jpg,209,Snubbull,Snubbull,209,Fairy,,0,0,0,0,1,0,0,0,0,0,0,0,0,0,0,0,0,0
210.png,210.jpg,210,Granbull,Granbull,210,Fairy,,0,0,0,0,1,0,0,0,0,0,0,0,0,0,0,0,0,0
211.png,211.jpg,211,Qwilfish,Qwilfish,211,Water,Poison,0,0,0,0,0,0,0,0,0,0,0,0,0,1,0,0,0,1
212.png,212.jpg,212,Scizor,Scizor,212,Bug,Steel,1,0,0,0,0,0,0,0,0,0,0,0,0,0,0,0,1,0
212-mega.png,212-mega.jpg,212-mega,Scizor-mega,Scizor,212,Bug,Steel,1,0,0,0,0,0,0,0,0,0,0,0,0,0,0,0,1,0
213.png,213.jpg,213,Shuckle,Shuckle,213,Bug,Rock,1,0,0,0,0,0,0,0,0,0,0,0,0,0,0,1,0,0
214.png,214.jpg,214,Heracross,Heracross,214,Bug,Fighting,1,0,0,0,0,1,0,0,0,0,0,0,0,0,0,0,0,0
214-mega.png,214-mega.jpg,214-mega,Heracross-mega,Heracross,214,Bug,Fighting,1,0,0,0,0,1,0,0,0,0,0,0,0,0,0,0,0,0
215.png,215.jpg,215,Sneasel,Sneasel,215,Dark,Ice,0,1,0,0,0,0,0,0,0,0,0,1,0,0,0,0,0,0
216.png,216.jpg,216,Teddiursa,Teddiursa,216,Normal,,0,0,0,0,0,0,0,0,0,0,0,0,1,0,0,0,0,0
217.png,217.jpg,217,Ursaring,Ursaring,217,Normal,,0,0,0,0,0,0,0,0,0,0,0,0,1,0,0,0,0,0
218.png,218.jpg,218,Slugma,Slugma,218,Fire,,0,0,0,0,0,0,1,0,0,0,0,0,0,0,0,0,0,0
219.png,219.jpg,219,Magcargo,Magcargo,219,Fire,Rock,0,0,0,0,0,0,1,0,0,0,0,0,0,0,0,1,0,0
220.png,220.jpg,220,Swinub,Swinub,220,Ice,Ground,0,0,0,0,0,0,0,0,0,0,1,1,0,0,0,0,0,0
221.png,221.jpg,221,Piloswine,Piloswine,221,Ice,Ground,0,0,0,0,0,0,0,0,0,0,1,1,0,0,0,0,0,0
222.png,222.jpg,222,Corsola,Corsola,222,Water,Rock,0,0,0,0,0,0,0,0,0,0,0,0,0,0,0,1,0,1
223.png,223.jpg,223,Remoraid,Remoraid,223,Water,,0,0,0,0,0,0,0,0,0,0,0,0,0,0,0,0,0,1
224.png,224.jpg,224,Octillery,Octillery,224,Water,,0,0,0,0,0,0,0,0,0,0,0,0,0,0,0,0,0,1
225.png,225.jpg,225,Delibird,Delibird,225,Ice,Flying,0,0,0,0,0,0,0,1,0,0,0,1,0,0,0,0,0,0
226.png,226.jpg,226,Mantine,Mantine,226,Water,Flying,0,0,0,0,0,0,0,1,0,0,0,0,0,0,0,0,0,1
227.png,227.jpg,227,Skarmory,Skarmory,227,Steel,Flying,0,0,0,0,0,0,0,1,0,0,0,0,0,0,0,0,1,0
228.png,228.jpg,228,Houndour,Houndour,228,Dark,Fire,0,1,0,0,0,0,1,0,0,0,0,0,0,0,0,0,0,0
229.png,229.jpg,229,Houndoom,Houndoom,229,Dark,Fire,0,1,0,0,0,0,1,0,0,0,0,0,0,0,0,0,0,0
229-mega.png,229-mega.jpg,229-mega,Houndoom-mega,Houndoom,229,Dark,Fire,0,1,0,0,0,0,1,0,0,0,0,0,0,0,0,0,0,0
230.png,230.jpg,230,Kingdra,Kingdra,230,Water,Dragon,0,0,1,0,0,0,0,0,0,0,0,0,0,0,0,0,0,1
231.png,231.jpg,231,Phanpy,Phanpy,231,Ground,,0,0,0,0,0,0,0,0,0,0,1,0,0,0,0,0,0,0
232.png,232.jpg,232,Donphan,Donphan,232,Ground,,0,0,0,0,0,0,0,0,0,0,1,0,0,0,0,0,0,0
233.png,233.jpg,233,Porygon2,Porygon2,233,Normal,,0,0,0,0,0,0,0,0,0,0,0,0,1,0,0,0,0,0
234.png,234.jpg,234,Stantler,Stantler,234,Normal,,0,0,0,0,0,0,0,0,0,0,0,0,1,0,0,0,0,0
235.png,235.jpg,235,Smeargle,Smeargle,235,Normal,,0,0,0,0,0,0,0,0,0,0,0,0,1,0,0,0,0,0
236.png,236.jpg,236,Tyrogue,Tyrogue,236,Fighting,,0,0,0,0,0,1,0,0,0,0,0,0,0,0,0,0,0,0
237.png,237.jpg,237,Hitmontop,Hitmontop,237,Fighting,,0,0,0,0,0,1,0,0,0,0,0,0,0,0,0,0,0,0
238.png,238.jpg,238,Smoochum,Smoochum,238,Ice,Psychic,0,0,0,0,0,0,0,0,0,0,0,1,0,0,1,0,0,0
239.png,239.jpg,239,Elekid,Elekid,239,Electric,,0,0,0,1,0,0,0,0,0,0,0,0,0,0,0,0,0,0
240.png,240.jpg,240,Magby,Magby,240,Fire,,0,0,0,0,0,0,1,0,0,0,0,0,0,0,0,0,0,0
241.png,241.jpg,241,Miltank,Miltank,241,Normal,,0,0,0,0,0,0,0,0,0,0,0,0,1,0,0,0,0,0
242.png,242.jpg,242,Blissey,Blissey,242,Normal,,0,0,0,0,0,0,0,0,0,0,0,0,1,0,0,0,0,0
243.png,243.jpg,243,Raikou,Raikou,243,Electric,,0,0,0,1,0,0,0,0,0,0,0,0,0,0,0,0,0,0
244.png,244.jpg,244,Entei,Entei,244,Fire,,0,0,0,0,0,0,1,0,0,0,0,0,0,0,0,0,0,0
245.png,245.jpg,245,Suicune,Suicune,245,Water,,0,0,0,0,0,0,0,0,0,0,0,0,0,0,0,0,0,1
246.png,246.jpg,246,Larvitar,Larvitar,246,Rock,Ground,0,0,0,0,0,0,0,0,0,0,1,0,0,0,0,1,0,0
247.png,247.jpg,247,Pupitar,Pupitar,247,Rock,Ground,0,0,0,0,0,0,0,0,0,0,1,0,0,0,0,1,0,0
248.png,248.jpg,248,Tyranitar,Tyranitar,248,Rock,Dark,0,1,0,0,0,0,0,0,0,0,0,0,0,0,0,1,0,0
248-mega.png,248-mega.jpg,248-mega,Tyranitar-mega,Tyranitar,248,Rock,Dark,0,1,0,0,0,0,0,0,0,0,0,0,0,0,0,1,0,0
249.png,249.jpg,249,Lugia,Lugia,249,Psychic,Flying,0,0,0,0,0,0,0,1,0,0,0,0,0,0,1,0,0,0
250.png,250.jpg,250,Ho-Oh,Ho-Oh,250,Fire,Flying,0,0,0,0,0,0,1,1,0,0,0,0,0,0,0,0,0,0
251.png,251.jpg,251,Celebi,Celebi,251,Grass,Psychic,0,0,0,0,0,0,0,0,0,1,0,0,0,0,1,0,0,0
252.png,252.jpg,252,Treecko,Treecko,252,Grass,,0,0,0,0,0,0,0,0,0,1,0,0,0,0,0,0,0,0
253.png,253.jpg,253,Grovyle,Grovyle,253,Grass,,0,0,0,0,0,0,0,0,0,1,0,0,0,0,0,0,0,0
254.png,254.jpg,254,Sceptile,Sceptile,254,Grass,,0,0,0,0,0,0,0,0,0,1,0,0,0,0,0,0,0,0
254-mega.png,254-mega.jpg,254-mega,Sceptile-mega,Sceptile,254,Grass,Dragon,0,0,1,0,0,0,0,0,0,1,0,0,0,0,0,0,0,0
255.png,255.jpg,255,Torchic,Torchic,255,Fire,,0,0,0,0,0,0,1,0,0,0,0,0,0,0,0,0,0,0
256.png,256.jpg,256,Combusken,Combusken,256,Fire,Fighting,0,0,0,0,0,1,1,0,0,0,0,0,0,0,0,0,0,0
257.png,257.jpg,257,Blaziken,Blaziken,257,Fire,Fighting,0,0,0,0,0,1,1,0,0,0,0,0,0,0,0,0,0,0
257-mega.png,257-mega.jpg,257-mega,Blaziken-mega,Blaziken,257,Fire,Fighting,0,0,0,0,0,1,1,0,0,0,0,0,0,0,0,0,0,0
258.png,258.jpg,258,Mudkip,Mudkip,258,Water,,0,0,0,0,0,0,0,0,0,0,0,0,0,0,0,0,0,1
259.png,259.jpg,259,Marshtomp,Marshtomp,259,Water,Ground,0,0,0,0,0,0,0,0,0,0,1,0,0,0,0,0,0,1
260.png,260.jpg,260,Swampert,Swampert,260,Water,Ground,0,0,0,0,0,0,0,0,0,0,1,0,0,0,0,0,0,1
260-mega.png,260-mega.jpg,260-mega,Swampert-mega,Swampert,260,Water,Ground,0,0,0,0,0,0,0,0,0,0,1,0,0,0,0,0,0,1
261.png,261.jpg,261,Poochyena,Poochyena,261,Dark,,0,1,0,0,0,0,0,0,0,0,0,0,0,0,0,0,0,0
262.png,262.jpg,262,Mightyena,Mightyena,262,Dark,,0,1,0,0,0,0,0,0,0,0,0,0,0,0,0,0,0,0
263.png,263.jpg,263,Zigzagoon,Zigzagoon,263,Normal,,0,0,0,0,0,0,0,0,0,0,0,0,1,0,0,0,0,0
264.png,264.jpg,264,Linoone,Linoone,264,Normal,,0,0,0,0,0,0,0,0,0,0,0,0,1,0,0,0,0,0
265.png,265.jpg,265,Wurmple,Wurmple,265,Bug,,1,0,0,0,0,0,0,0,0,0,0,0,0,0,0,0,0,0
266.png,266.jpg,266,Silcoon,Silcoon,266,Bug,,1,0,0,0,0,0,0,0,0,0,0,0,0,0,0,0,0,0
267.png,267.jpg,267,Beautifly,Beautifly,267,Bug,Flying,1,0,0,0,0,0,0,1,0,0,0,0,0,0,0,0,0,0
268.png,268.jpg,268,Cascoon,Cascoon,268,Bug,,1,0,0,0,0,0,0,0,0,0,0,0,0,0,0,0,0,0
269.png,269.jpg,269,Dustox,Dustox,269,Bug,Poison,1,0,0,0,0,0,0,0,0,0,0,0,0,1,0,0,0,0
270.png,270.jpg,270,Lotad,Lotad,270,Water,Grass,0,0,0,0,0,0,0,0,0,1,0,0,0,0,0,0,0,1
271.png,271.jpg,271,Lombre,Lombre,271,Water,Grass,0,0,0,0,0,0,0,0,0,1,0,0,0,0,0,0,0,1
272.png,272.jpg,272,Ludicolo,Ludicolo,272,Water,Grass,0,0,0,0,0,0,0,0,0,1,0,0,0,0,0,0,0,1
273.png,273.jpg,273,Seedot,Seedot,273,Grass,,0,0,0,0,0,0,0,0,0,1,0,0,0,0,0,0,0,0
274.png,274.jpg,274,Nuzleaf,Nuzleaf,274,Grass,Dark,0,1,0,0,0,0,0,0,0,1,0,0,0,0,0,0,0,0
275.png,275.jpg,275,Shiftry,Shiftry,275,Grass,Dark,0,1,0,0,0,0,0,0,0,1,0,0,0,0,0,0,0,0
276.png,276.jpg,276,Taillow,Taillow,276,Normal,Flying,0,0,0,0,0,0,0,1,0,0,0,0,1,0,0,0,0,0
277.png,277.jpg,277,Swellow,Swellow,277,Normal,Flying,0,0,0,0,0,0,0,1,0,0,0,0,1,0,0,0,0,0
278.png,278.jpg,278,Wingull,Wingull,278,Water,Flying,0,0,0,0,0,0,0,1,0,0,0,0,0,0,0,0,0,1
279.png,279.jpg,279,Pelipper,Pelipper,279,Water,Flying,0,0,0,0,0,0,0,1,0,0,0,0,0,0,0,0,0,1
280.png,280.jpg,280,Ralts,Ralts,280,Psychic,Fairy,0,0,0,0,1,0,0,0,0,0,0,0,0,0,1,0,0,0
281.png,281.jpg,281,Kirlia,Kirlia,281,Psychic,Fairy,0,0,0,0,1,0,0,0,0,0,0,0,0,0,1,0,0,0
282.png,282.jpg,282,Gardevoir,Gardevoir,282,Psychic,Fairy,0,0,0,0,1,0,0,0,0,0,0,0,0,0,1,0,0,0
282-mega.png,282-mega.jpg,282-mega,Gardevoir-mega,Gardevoir,282,Psychic,Fairy,0,0,0,0,1,0,0,0,0,0,0,0,0,0,1,0,0,0
283.png,283.jpg,283,Surskit,Surskit,283,Bug,Water,1,0,0,0,0,0,0,0,0,0,0,0,0,0,0,0,0,1
284.png,284.jpg,284,Masquerain,Masquerain,284,Bug,Flying,1,0,0,0,0,0,0,1,0,0,0,0,0,0,0,0,0,0
285.png,285.jpg,285,Shroomish,Shroomish,285,Grass,,0,0,0,0,0,0,0,0,0,1,0,0,0,0,0,0,0,0
286.png,286.jpg,286,Breloom,Breloom,286,Grass,Fighting,0,0,0,0,0,1,0,0,0,1,0,0,0,0,0,0,0,0
287.png,287.jpg,287,Slakoth,Slakoth,287,Normal,,0,0,0,0,0,0,0,0,0,0,0,0,1,0,0,0,0,0
288.png,288.jpg,288,Vigoroth,Vigoroth,288,Normal,,0,0,0,0,0,0,0,0,0,0,0,0,1,0,0,0,0,0
289.png,289.jpg,289,Slaking,Slaking,289,Normal,,0,0,0,0,0,0,0,0,0,0,0,0,1,0,0,0,0,0
290.png,290.jpg,290,Nincada,Nincada,290,Bug,Ground,1,0,0,0,0,0,0,0,0,0,1,0,0,0,0,0,0,0
291.png,291.jpg,291,Ninjask,Ninjask,291,Bug,Flying,1,0,0,0,0,0,0,1,0,0,0,0,0,0,0,0,0,0
292.png,292.jpg,292,Shedinja,Shedinja,292,Bug,Ghost,1,0,0,0,0,0,0,0,1,0,0,0,0,0,0,0,0,0
293.png,293.jpg,293,Whismur,Whismur,293,Normal,,0,0,0,0,0,0,0,0,0,0,0,0,1,0,0,0,0,0
294.png,294.jpg,294,Loudred,Loudred,294,Normal,,0,0,0,0,0,0,0,0,0,0,0,0,1,0,0,0,0,0
295.png,295.jpg,295,Exploud,Exploud,295,Normal,,0,0,0,0,0,0,0,0,0,0,0,0,1,0,0,0,0,0
296.png,296.jpg,296,Makuhita,Makuhita,296,Fighting,,0,0,0,0,0,1,0,0,0,0,0,0,0,0,0,0,0,0
297.png,297.jpg,297,Hariyama,Hariyama,297,Fighting,,0,0,0,0,0,1,0,0,0,0,0,0,0,0,0,0,0,0
298.png,298.jpg,298,Azurill,Azurill,298,Normal,Fairy,0,0,0,0,1,0,0,0,0,0,0,0,1,0,0,0,0,0
299.png,299.jpg,299,Nosepass,Nosepass,299,Rock,,0,0,0,0,0,0,0,0,0,0,0,0,0,0,0,1,0,0
300.png,300.jpg,300,Skitty,Skitty,300,Normal,,0,0,0,0,0,0,0,0,0,0,0,0,1,0,0,0,0,0
301.png,301.jpg,301,Delcatty,Delcatty,301,Normal,,0,0,0,0,0,0,0,0,0,0,0,0,1,0,0,0,0,0
302.png,302.jpg,302,Sableye,Sableye,302,Dark,Ghost,0,1,0,0,0,0,0,0,1,0,0,0,0,0,0,0,0,0
302-mega.png,302-mega.jpg,302-mega,Sableye-mega,Sableye,302,Dark,Ghost,0,1,0,0,0,0,0,0,1,0,0,0,0,0,0,0,0,0
303.png,303.jpg,303,Mawile,Mawile,303,Steel,Fairy,0,0,0,0,1,0,0,0,0,0,0,0,0,0,0,0,1,0
303-mega.png,303-mega.jpg,303-mega,Mawile-mega,Mawile,303,Steel,Fairy,0,0,0,0,1,0,0,0,0,0,0,0,0,0,0,0,1,0
304.png,304.jpg,304,Aron,Aron,304,Steel,Rock,0,0,0,0,0,0,0,0,0,0,0,0,0,0,0,1,1,0
305.png,305.jpg,305,Lairon,Lairon,305,Steel,Rock,0,0,0,0,0,0,0,0,0,0,0,0,0,0,0,1,1,0
306.png,306.jpg,306,Aggron,Aggron,306,Steel,Rock,0,0,0,0,0,0,0,0,0,0,0,0,0,0,0,1,1,0
306-mega.png,306-mega.jpg,306-mega,Aggron-mega,Aggron,306,Steel,,0,0,0,0,0,0,0,0,0,0,0,0,0,0,0,0,1,0
307.png,307.jpg,307,Meditite,Meditite,307,Fighting,Psychic,0,0,0,0,0,1,0,0,0,0,0,0,0,0,1,0,0,0
308.png,308.jpg,308,Medicham,Medicham,308,Fighting,Psychic,0,0,0,0,0,1,0,0,0,0,0,0,0,0,1,0,0,0
308-mega.png,308-mega.jpg,308-mega,Medicham-mega,Medicham,308,Fighting,Psychic,0,0,0,0,0,1,0,0,0,0,0,0,0,0,1,0,0,0
309.png,309.jpg,309,Electrike,Electrike,309,Electric,,0,0,0,1,0,0,0,0,0,0,0,0,0,0,0,0,0,0
310.png,310.jpg,310,Manectric,Manectric,310,Electric,,0,0,0,1,0,0,0,0,0,0,0,0,0,0,0,0,0,0
310-mega.png,310-mega.jpg,310-mega,Manectric-mega,Manectric,310,Electric,,0,0,0,1,0,0,0,0,0,0,0,0,0,0,0,0,0,0
311.png,311.jpg,311,Plusle,Plusle,311,Electric,,0,0,0,1,0,0,0,0,0,0,0,0,0,0,0,0,0,0
312.png,312.jpg,312,Minun,Minun,312,Electric,,0,0,0,1,0,0,0,0,0,0,0,0,0,0,0,0,0,0
313.png,313.jpg,313,Volbeat,Volbeat,313,Bug,,1,0,0,0,0,0,0,0,0,0,0,0,0,0,0,0,0,0
314.png,314.jpg,314,Illumise,Illumise,314,Bug,,1,0,0,0,0,0,0,0,0,0,0,0,0,0,0,0,0,0
315.png,315.jpg,315,Roselia,Roselia,315,Grass,Poison,0,0,0,0,0,0,0,0,0,1,0,0,0,1,0,0,0,0
316.png,316.jpg,316,Gulpin,Gulpin,316,Poison,,0,0,0,0,0,0,0,0,0,0,0,0,0,1,0,0,0,0
317.png,317.jpg,317,Swalot,Swalot,317,Poison,,0,0,0,0,0,0,0,0,0,0,0,0,0,1,0,0,0,0
318.png,318.jpg,318,Carvanha,Carvanha,318,Water,Dark,0,1,0,0,0,0,0,0,0,0,0,0,0,0,0,0,0,1
319.png,319.jpg,319,Sharpedo,Sharpedo,319,Water,Dark,0,1,0,0,0,0,0,0,0,0,0,0,0,0,0,0,0,1
319-mega.png,319-mega.jpg,319-mega,Sharpedo-mega,Sharpedo,319,Water,Dark,0,1,0,0,0,0,0,0,0,0,0,0,0,0,0,0,0,1
320.png,320.jpg,320,Wailmer,Wailmer,320,Water,,0,0,0,0,0,0,0,0,0,0,0,0,0,0,0,0,0,1
321.png,321.jpg,321,Wailord,Wailord,321,Water,,0,0,0,0,0,0,0,0,0,0,0,0,0,0,0,0,0,1
322.png,322.jpg,322,Numel,Numel,322,Fire,Ground,0,0,0,0,0,0,1,0,0,0,1,0,0,0,0,0,0,0
323.png,323.jpg,323,Camerupt,Camerupt,323,Fire,Ground,0,0,0,0,0,0,1,0,0,0,1,0,0,0,0,0,0,0
323-mega.png,323-mega.jpg,323-mega,Camerupt-mega,Camerupt,323,Fire,Ground,0,0,0,0,0,0,1,0,0,0,1,0,0,0,0,0,0,0
324.png,324.jpg,324,Torkoal,Torkoal,324,Fire,,0,0,0,0,0,0,1,0,0,0,0,0,0,0,0,0,0,0
325.png,325.jpg,325,Spoink,Spoink,325,Psychic,,0,0,0,0,0,0,0,0,0,0,0,0,0,0,1,0,0,0
326.png,326.jpg,326,Grumpig,Grumpig,326,Psychic,,0,0,0,0,0,0,0,0,0,0,0,0,0,0,1,0,0,0
327.png,327.jpg,327,Spinda,Spinda,327,Normal,,0,0,0,0,0,0,0,0,0,0,0,0,1,0,0,0,0,0
328.png,328.jpg,328,Trapinch,Trapinch,328,Ground,,0,0,0,0,0,0,0,0,0,0,1,0,0,0,0,0,0,0
329.png,329.jpg,329,Vibrava,Vibrava,329,Ground,Dragon,0,0,1,0,0,0,0,0,0,0,1,0,0,0,0,0,0,0
330.png,330.jpg,330,Flygon,Flygon,330,Ground,Dragon,0,0,1,0,0,0,0,0,0,0,1,0,0,0,0,0,0,0
331.png,331.jpg,331,Cacnea,Cacnea,331,Grass,,0,0,0,0,0,0,0,0,0,1,0,0,0,0,0,0,0,0
332.png,332.jpg,332,Cacturne,Cacturne,332,Grass,Dark,0,1,0,0,0,0,0,0,0,1,0,0,0,0,0,0,0,0
333.png,333.jpg,333,Swablu,Swablu,333,Normal,Flying,0,0,0,0,0,0,0,1,0,0,0,0,1,0,0,0,0,0
334.png,334.jpg,334,Altaria,Altaria,334,Dragon,Flying,0,0,1,0,0,0,0,1,0,0,0,0,0,0,0,0,0,0
334-mega.png,334-mega.jpg,334-mega,Altaria-mega,Altaria,334,Dragon,Fairy,0,0,1,0,1,0,0,0,0,0,0,0,0,0,0,0,0,0
335.png,335.jpg,335,Zangoose,Zangoose,335,Normal,,0,0,0,0,0,0,0,0,0,0,0,0,1,0,0,0,0,0
336.png,336.jpg,336,Seviper,Seviper,336,Poison,,0,0,0,0,0,0,0,0,0,0,0,0,0,1,0,0,0,0
337.png,337.jpg,337,Lunatone,Lunatone,337,Rock,Psychic,0,0,0,0,0,0,0,0,0,0,0,0,0,0,1,1,0,0
338.png,338.jpg,338,Solrock,Solrock,338,Rock,Psychic,0,0,0,0,0,0,0,0,0,0,0,0,0,0,1,1,0,0
339.png,339.jpg,339,Barboach,Barboach,339,Water,Ground,0,0,0,0,0,0,0,0,0,0,1,0,0,0,0,0,0,1
340.png,340.jpg,340,Whiscash,Whiscash,340,Water,Ground,0,0,0,0,0,0,0,0,0,0,1,0,0,0,0,0,0,1
341.png,341.jpg,341,Corphish,Corphish,341,Water,,0,0,0,0,0,0,0,0,0,0,0,0,0,0,0,0,0,1
342.png,342.jpg,342,Crawdaunt,Crawdaunt,342,Water,Dark,0,1,0,0,0,0,0,0,0,0,0,0,0,0,0,0,0,1
343.png,343.jpg,343,Baltoy,Baltoy,343,Ground,Psychic,0,0,0,0,0,0,0,0,0,0,1,0,0,0,1,0,0,0
344.png,344.jpg,344,Claydol,Claydol,344,Ground,Psychic,0,0,0,0,0,0,0,0,0,0,1,0,0,0,1,0,0,0
345.png,345.jpg,345,Lileep,Lileep,345,Rock,Grass,0,0,0,0,0,0,0,0,0,1,0,0,0,0,0,1,0,0
346.png,346.jpg,346,Cradily,Cradily,346,Rock,Grass,0,0,0,0,0,0,0,0,0,1,0,0,0,0,0,1,0,0
347.png,347.jpg,347,Anorith,Anorith,347,Rock,Bug,1,0,0,0,0,0,0,0,0,0,0,0,0,0,0,1,0,0
348.png,348.jpg,348,Armaldo,Armaldo,348,Rock,Bug,1,0,0,0,0,0,0,0,0,0,0,0,0,0,0,1,0,0
349.png,349.jpg,349,Feebas,Feebas,349,Water,,0,0,0,0,0,0,0,0,0,0,0,0,0,0,0,0,0,1
350.png,350.jpg,350,Milotic,Milotic,350,Water,,0,0,0,0,0,0,0,0,0,0,0,0,0,0,0,0,0,1
351.png,351.jpg,351,Castform,Castform,351,Normal,,0,0,0,0,0,0,0,0,0,0,0,0,1,0,0,0,0,0
352.png,352.jpg,352,Kecleon,Kecleon,352,Normal,,0,0,0,0,0,0,0,0,0,0,0,0,1,0,0,0,0,0
353.png,353.jpg,353,Shuppet,Shuppet,353,Ghost,,0,0,0,0,0,0,0,0,1,0,0,0,0,0,0,0,0,0
354.png,354.jpg,354,Banette,Banette,354,Ghost,,0,0,0,0,0,0,0,0,1,0,0,0,0,0,0,0,0,0
354-mega.png,354-mega.jpg,354-mega,Banette-mega,Banette,354,Ghost,,0,0,0,0,0,0,0,0,1,0,0,0,0,0,0,0,0,0
355.png,355.jpg,355,Duskull,Duskull,355,Ghost,,0,0,0,0,0,0,0,0,1,0,0,0,0,0,0,0,0,0
356.png,356.jpg,356,Dusclops,Dusclops,356,Ghost,,0,0,0,0,0,0,0,0,1,0,0,0,0,0,0,0,0,0
357.png,357.jpg,357,Tropius,Tropius,357,Grass,Flying,0,0,0,0,0,0,0,1,0,1,0,0,0,0,0,0,0,0
358.png,358.jpg,358,Chimecho,Chimecho,358,Psychic,,0,0,0,0,0,0,0,0,0,0,0,0,0,0,1,0,0,0
359.png,359.jpg,359,Absol,Absol,359,Dark,,0,1,0,0,0,0,0,0,0,0,0,0,0,0,0,0,0,0
359-mega.png,359-mega.jpg,359-mega,Absol-mega,Absol,359,Dark,,0,1,0,0,0,0,0,0,0,0,0,0,0,0,0,0,0,0
360.png,360.jpg,360,Wynaut,Wynaut,360,Psychic,,0,0,0,0,0,0,0,0,0,0,0,0,0,0,1,0,0,0
361.png,361.jpg,361,Snorunt,Snorunt,361,Ice,,0,0,0,0,0,0,0,0,0,0,0,1,0,0,0,0,0,0
362.png,362.jpg,362,Glalie,Glalie,362,Ice,,0,0,0,0,0,0,0,0,0,0,0,1,0,0,0,0,0,0
362-mega.png,362-mega.jpg,362-mega,Glalie-mega,Glalie,362,Ice,,0,0,0,0,0,0,0,0,0,0,0,1,0,0,0,0,0,0
363.png,363.jpg,363,Spheal,Spheal,363,Ice,Water,0,0,0,0,0,0,0,0,0,0,0,1,0,0,0,0,0,1
364.png,364.jpg,364,Sealeo,Sealeo,364,Ice,Water,0,0,0,0,0,0,0,0,0,0,0,1,0,0,0,0,0,1
365.png,365.jpg,365,Walrein,Walrein,365,Ice,Water,0,0,0,0,0,0,0,0,0,0,0,1,0,0,0,0,0,1
366.png,366.jpg,366,Clamperl,Clamperl,366,Water,,0,0,0,0,0,0,0,0,0,0,0,0,0,0,0,0,0,1
367.png,367.jpg,367,Huntail,Huntail,367,Water,,0,0,0,0,0,0,0,0,0,0,0,0,0,0,0,0,0,1
368.png,368.jpg,368,Gorebyss,Gorebyss,368,Water,,0,0,0,0,0,0,0,0,0,0,0,0,0,0,0,0,0,1
369.png,369.jpg,369,Relicanth,Relicanth,369,Water,Rock,0,0,0,0,0,0,0,0,0,0,0,0,0,0,0,1,0,1
370.png,370.jpg,370,Luvdisc,Luvdisc,370,Water,,0,0,0,0,0,0,0,0,0,0,0,0,0,0,0,0,0,1
371.png,371.jpg,371,Bagon,Bagon,371,Dragon,,0,0,1,0,0,0,0,0,0,0,0,0,0,0,0,0,0,0
372.png,372.jpg,372,Shelgon,Shelgon,372,Dragon,,0,0,1,0,0,0,0,0,0,0,0,0,0,0,0,0,0,0
373.png,373.jpg,373,Salamence,Salamence,373,Dragon,Flying,0,0,1,0,0,0,0,1,0,0,0,0,0,0,0,0,0,0
373-mega.png,373-mega.jpg,373-mega,Salamence-mega,Salamence,373,Dragon,Flying,0,0,1,0,0,0,0,1,0,0,0,0,0,0,0,0,0,0
374.png,374.jpg,374,Beldum,Beldum,374,Steel,Psychic,0,0,0,0,0,0,0,0,0,0,0,0,0,0,1,0,1,0
375.png,375.jpg,375,Metang,Metang,375,Steel,Psychic,0,0,0,0,0,0,0,0,0,0,0,0,0,0,1,0,1,0
376.png,376.jpg,376,Metagross,Metagross,376,Steel,Psychic,0,0,0,0,0,0,0,0,0,0,0,0,0,0,1,0,1,0
376-mega.png,376-mega.jpg,376-mega,Metagross-mega,Metagross,376,Steel,Psychic,0,0,0,0,0,0,0,0,0,0,0,0,0,0,1,0,1,0
377.png,377.jpg,377,Regirock,Regirock,377,Rock,,0,0,0,0,0,0,0,0,0,0,0,0,0,0,0,1,0,0
378.png,378.jpg,378,Regice,Regice,378,Ice,,0,0,0,0,0,0,0,0,0,0,0,1,0,0,0,0,0,0
379.png,379.jpg,379,Registeel,Registeel,379,Steel,,0,0,0,0,0,0,0,0,0,0,0,0,0,0,0,0,1,0
380.png,380.jpg,380,Latias,Latias,380,Dragon,Psychic,0,0,1,0,0,0,0,0,0,0,0,0,0,0,1,0,0,0
380-mega.png,380-mega.jpg,380-mega,Latias-mega,Latias,380,Dragon,Psychic,0,0,1,0,0,0,0,0,0,0,0,0,0,0,1,0,0,0
381.png,381.jpg,381,Latios,Latios,381,Dragon,Psychic,0,0,1,0,0,0,0,0,0,0,0,0,0,0,1,0,0,0
381-mega.png,381-mega.jpg,381-mega,Latios-mega,Latios,381,Dragon,Psychic,0,0,1,0,0,0,0,0,0,0,0,0,0,0,1,0,0,0
382.png,382.jpg,382,Kyogre,Kyogre,382,Water,,0,0,0,0,0,0,0,0,0,0,0,0,0,0,0,0,0,1
382-primal.png,382-primal.jpg,382-primal,Kyogre-primal,Kyogre,382,Water,,0,0,0,0,0,0,0,0,0,0,0,0,0,0,0,0,0,1
383.png,383.jpg,383,Groudon,Groudon,383,Ground,,0,0,0,0,0,0,0,0,0,0,1,0,0,0,0,0,0,0
383-primal.png,383-primal.jpg,383-primal,Groudon-primal,Groudon,383,Ground,Fire,0,0,0,0,0,0,1,0,0,0,1,0,0,0,0,0,0,0
384.png,384.jpg,384,Rayquaza,Rayquaza,384,Dragon,Flying,0,0,1,0,0,0,0,1,0,0,0,0,0,0,0,0,0,0
384-mega.png,384-mega.jpg,384-mega,Rayquaza-mega,Rayquaza,384,Dragon,Flying,0,0,1,0,0,0,0,1,0,0,0,0,0,0,0,0,0,0
385.png,385.jpg,385,Jirachi,Jirachi,385,Steel,Psychic,0,0,0,0,0,0,0,0,0,0,0,0,0,0,1,0,1,0
386-attack.png,386-attack.jpg,386-attack,Deoxys-attack,Deoxys,386,Psychic,,0,0,0,0,0,0,0,0,0,0,0,0,0,0,1,0,0,0
386-defense.png,386-defense.jpg,386-defense,Deoxys-defense,Deoxys,386,Psychic,,0,0,0,0,0,0,0,0,0,0,0,0,0,0,1,0,0,0
386-normal.png,386-normal.jpg,386-normal,Deoxys-normal,Deoxys,386,Psychic,,0,0,0,0,0,0,0,0,0,0,0,0,0,0,1,0,0,0
386-speed.png,386-speed.jpg,386-speed,Deoxys-speed,Deoxys,386,Psychic,,0,0,0,0,0,0,0,0,0,0,0,0,0,0,1,0,0,0
387.png,387.jpg,387,Turtwig,Turtwig,387,Grass,,0,0,0,0,0,0,0,0,0,1,0,0,0,0,0,0,0,0
388.png,388.jpg,388,Grotle,Grotle,388,Grass,,0,0,0,0,0,0,0,0,0,1,0,0,0,0,0,0,0,0
389.png,389.jpg,389,Torterra,Torterra,389,Grass,Ground,0,0,0,0,0,0,0,0,0,1,1,0,0,0,0,0,0,0
390.png,390.jpg,390,Chimchar,Chimchar,390,Fire,,0,0,0,0,0,0,1,0,0,0,0,0,0,0,0,0,0,0
391.png,391.jpg,391,Monferno,Monferno,391,Fire,Fighting,0,0,0,0,0,1,1,0,0,0,0,0,0,0,0,0,0,0
392.png,392.jpg,392,Infernape,Infernape,392,Fire,Fighting,0,0,0,0,0,1,1,0,0,0,0,0,0,0,0,0,0,0
393.png,393.jpg,393,Piplup,Piplup,393,Water,,0,0,0,0,0,0,0,0,0,0,0,0,0,0,0,0,0,1
394.png,394.jpg,394,Prinplup,Prinplup,394,Water,,0,0,0,0,0,0,0,0,0,0,0,0,0,0,0,0,0,1
395.png,395.jpg,395,Empoleon,Empoleon,395,Water,Steel,0,0,0,0,0,0,0,0,0,0,0,0,0,0,0,0,1,1
396.png,396.jpg,396,Starly,Starly,396,Normal,Flying,0,0,0,0,0,0,0,1,0,0,0,0,1,0,0,0,0,0
397.png,397.jpg,397,Staravia,Staravia,397,Normal,Flying,0,0,0,0,0,0,0,1,0,0,0,0,1,0,0,0,0,0
398.png,398.jpg,398,Staraptor,Staraptor,398,Normal,Flying,0,0,0,0,0,0,0,1,0,0,0,0,1,0,0,0,0,0
399.png,399.jpg,399,Bidoof,Bidoof,399,Normal,,0,0,0,0,0,0,0,0,0,0,0,0,1,0,0,0,0,0
400.png,400.jpg,400,Bibarel,Bibarel,400,Normal,Water,0,0,0,0,0,0,0,0,0,0,0,0,1,0,0,0,0,1
401.png,401.jpg,401,Kricketot,Kricketot,401,Bug,,1,0,0,0,0,0,0,0,0,0,0,0,0,0,0,0,0,0
402.png,402.jpg,402,Kricketune,Kricketune,402,Bug,,1,0,0,0,0,0,0,0,0,0,0,0,0,0,0,0,0,0
403.png,403.jpg,403,Shinx,Shinx,403,Electric,,0,0,0,1,0,0,0,0,0,0,0,0,0,0,0,0,0,0
404.png,404.jpg,404,Luxio,Luxio,404,Electric,,0,0,0,1,0,0,0,0,0,0,0,0,0,0,0,0,0,0
405.png,405.jpg,405,Luxray,Luxray,405,Electric,,0,0,0,1,0,0,0,0,0,0,0,0,0,0,0,0,0,0
406.png,406.jpg,406,Budew,Budew,406,Grass,Poison,0,0,0,0,0,0,0,0,0,1,0,0,0,1,0,0,0,0
407.png,407.jpg,407,Roserade,Roserade,407,Grass,Poison,0,0,0,0,0,0,0,0,0,1,0,0,0,1,0,0,0,0
408.png,408.jpg,408,Cranidos,Cranidos,408,Rock,,0,0,0,0,0,0,0,0,0,0,0,0,0,0,0,1,0,0
409.png,409.jpg,409,Rampardos,Rampardos,409,Rock,,0,0,0,0,0,0,0,0,0,0,0,0,0,0,0,1,0,0
410.png,410.jpg,410,Shieldon,Shieldon,410,Rock,Steel,0,0,0,0,0,0,0,0,0,0,0,0,0,0,0,1,1,0
411.png,411.jpg,411,Bastiodon,Bastiodon,411,Rock,Steel,0,0,0,0,0,0,0,0,0,0,0,0,0,0,0,1,1,0
412-plant.png,412-plant.jpg,412-plant,Burmy-plant,Burmy-plant,412,Bug,Grass,1,0,0,0,0,0,0,0,0,1,0,0,0,0,0,0,0,0
412-sandy.png,412-sandy.jpg,412-sandy,Burmy-sandy,Burmy-sandy,412,Bug,Ground,1,0,0,0,0,0,0,0,0,0,1,0,0,0,0,0,0,0
412-trash.png,412-trash.jpg,412-trash,Burmy-trash,Burmy-trash,412,Bug,Steel,1,0,0,0,0,0,0,0,0,0,0,0,0,0,0,0,1,0
413-plant.png,413-plant.jpg,413-plant,Wormadam-plant,Wormadam-plant,413,Bug,Grass,1,0,0,0,0,0,0,0,0,1,0,0,0,0,0,0,0,0
413-sandy.png,413-sandy.jpg,413-sandy,Wormadam-sandy,Wormadam-sandy,413,Bug,Ground,1,0,0,0,0,0,0,0,0,0,1,0,0,0,0,0,0,0
413-trash.png,413-trash.jpg,413-trash,Wormadam-trash,Wormadam-trash,413,Bug,Steel,1,0,0,0,0,0,0,0,0,0,0,0,0,0,0,0,1,0
414.png,414.jpg,414,Mothim,Mothim,414,Bug,Flying,1,0,0,0,0,0,0,1,0,0,0,0,0,0,0,0,0,0
415.png,415.jpg,415,Combee,Combee,415,Bug,Flying,1,0,0,0,0,0,0,1,0,0,0,0,0,0,0,0,0,0
416.png,416.jpg,416,Vespiquen,Vespiquen,416,Bug,Flying,1,0,0,0,0,0,0,1,0,0,0,0,0,0,0,0,0,0
417.png,417.jpg,417,Pachirisu,Pachirisu,417,Electric,,0,0,0,1,0,0,0,0,0,0,0,0,0,0,0,0,0,0
418.png,418.jpg,418,Buizel,Buizel,418,Water,,0,0,0,0,0,0,0,0,0,0,0,0,0,0,0,0,0,1
419.png,419.jpg,419,Floatzel,Floatzel,419,Water,,0,0,0,0,0,0,0,0,0,0,0,0,0,0,0,0,0,1
420.png,420.jpg,420,Cherubi,Cherubi,420,Grass,,0,0,0,0,0,0,0,0,0,1,0,0,0,0,0,0,0,0
421-overcast.png,421-overcast.jpg,421-overcast,Cherrim-overcast,Cherrim,421,Grass,,0,0,0,0,0,0,0,0,0,1,0,0,0,0,0,0,0,0
421-sunshine.png,421-sunshine.jpg,421-sunshine,Cherrim-sunshine,Cherrim,421,Grass,,0,0,0,0,0,0,0,0,0,1,0,0,0,0,0,0,0,0
422-east.png,422-east.jpg,422-east,Shellos-east,Shellos,422,Water,,0,0,0,0,0,0,0,0,0,0,0,0,0,0,0,0,0,1
422-west.png,422-west.jpg,422-west,Shellos-west,Shellos,422,Water,,0,0,0,0,0,0,0,0,0,0,0,0,0,0,0,0,0,1
423-east.png,423-east.jpg,423-east,Gastrodon-east,Gastrodon,423,Water,Ground,0,0,0,0,0,0,0,0,0,0,1,0,0,0,0,0,0,1
423-west.png,423-west.jpg,423-west,Gastrodon-west,Gastrodon,423,Water,Ground,0,0,0,0,0,0,0,0,0,0,1,0,0,0,0,0,0,1
424.png,424.jpg,424,Ambipom,Ambipom,424,Normal,,0,0,0,0,0,0,0,0,0,0,0,0,1,0,0,0,0,0
425.png,425.jpg,425,Drifloon,Drifloon,425,Ghost,Flying,0,0,0,0,0,0,0,1,1,0,0,0,0,0,0,0,0,0
426.png,426.jpg,426,Drifblim,Drifblim,426,Ghost,Flying,0,0,0,0,0,0,0,1,1,0,0,0,0,0,0,0,0,0
427.png,427.jpg,427,Buneary,Buneary,427,Normal,,0,0,0,0,0,0,0,0,0,0,0,0,1,0,0,0,0,0
428.png,428.jpg,428,Lopunny,Lopunny,428,Normal,,0,0,0,0,0,0,0,0,0,0,0,0,1,0,0,0,0,0
428-mega.png,428-mega.jpg,428-mega,Lopunny-mega,Lopunny,428,Normal,Fighting,0,0,0,0,0,1,0,0,0,0,0,0,1,0,0,0,0,0
429.png,429.jpg,429,Mismagius,Mismagius,429,Ghost,,0,0,0,0,0,0,0,0,1,0,0,0,0,0,0,0,0,0
430.png,430.jpg,430,Honchkrow,Honchkrow,430,Dark,Flying,0,1,0,0,0,0,0,1,0,0,0,0,0,0,0,0,0,0
431.png,431.jpg,431,Glameow,Glameow,431,Normal,,0,0,0,0,0,0,0,0,0,0,0,0,1,0,0,0,0,0
432.png,432.jpg,432,Purugly,Purugly,432,Normal,,0,0,0,0,0,0,0,0,0,0,0,0,1,0,0,0,0,0
433.png,433.jpg,433,Chingling,Chingling,433,Psychic,,0,0,0,0,0,0,0,0,0,0,0,0,0,0,1,0,0,0
434.png,434.jpg,434,Stunky,Stunky,434,Poison,Dark,0,1,0,0,0,0,0,0,0,0,0,0,0,1,0,0,0,0
435.png,435.jpg,435,Skuntank,Skuntank,435,Poison,Dark,0,1,0,0,0,0,0,0,0,0,0,0,0,1,0,0,0,0
436.png,436.jpg,436,Bronzor,Bronzor,436,Steel,Psychic,0,0,0,0,0,0,0,0,0,0,0,0,0,0,1,0,1,0
437.png,437.jpg,437,Bronzong,Bronzong,437,Steel,Psychic,0,0,0,0,0,0,0,0,0,0,0,0,0,0,1,0,1,0
438.png,438.jpg,438,Bonsly,Bonsly,438,Rock,,0,0,0,0,0,0,0,0,0,0,0,0,0,0,0,1,0,0
439.png,439.jpg,439,Mime Jr.,Mime Jr.,439,Psychic,Fairy,0,0,0,0,1,0,0,0,0,0,0,0,0,0,1,0,0,0
440.png,440.jpg,440,Happiny,Happiny,440,Normal,,0,0,0,0,0,0,0,0,0,0,0,0,1,0,0,0,0,0
441.png,441.jpg,441,Chatot,Chatot,441,Normal,Flying,0,0,0,0,0,0,0,1,0,0,0,0,1,0,0,0,0,0
442.png,442.jpg,442,Spiritomb,Spiritomb,442,Ghost,Dark,0,1,0,0,0,0,0,0,1,0,0,0,0,0,0,0,0,0
443.png,443.jpg,443,Gible,Gible,443,Dragon,Ground,0,0,1,0,0,0,0,0,0,0,1,0,0,0,0,0,0,0
444.png,444.jpg,444,Gabite,Gabite,444,Dragon,Ground,0,0,1,0,0,0,0,0,0,0,1,0,0,0,0,0,0,0
445.png,445.jpg,445,Garchomp,Garchomp,445,Dragon,Ground,0,0,1,0,0,0,0,0,0,0,1,0,0,0,0,0,0,0
445-mega.png,445-mega.jpg,445-mega,Garchomp-mega,Garchomp,445,Dragon,Ground,0,0,1,0,0,0,0,0,0,0,1,0,0,0,0,0,0,0
446.png,446.jpg,446,Munchlax,Munchlax,446,Normal,,0,0,0,0,0,0,0,0,0,0,0,0,1,0,0,0,0,0
447.png,447.jpg,447,Riolu,Riolu,447,Fighting,,0,0,0,0,0,1,0,0,0,0,0,0,0,0,0,0,0,0
448.png,448.jpg,448,Lucario,Lucario,448,Fighting,Steel,0,0,0,0,0,1,0,0,0,0,0,0,0,0,0,0,1,0
448-mega.png,448-mega.jpg,448-mega,Lucario-mega,Lucario,448,Fighting,Steel,0,0,0,0,0,1,0,0,0,0,0,0,0,0,0,0,1,0
449.png,449.jpg,449,Hippopotas,Hippopotas,449,Ground,,0,0,0,0,0,0,0,0,0,0,1,0,0,0,0,0,0,0
450.png,450.jpg,450,Hippowdon,Hippowdon,450,Ground,,0,0,0,0,0,0,0,0,0,0,1,0,0,0,0,0,0,0
451.png,451.jpg,451,Skorupi,Skorupi,451,Poison,Bug,1,0,0,0,0,0,0,0,0,0,0,0,0,1,0,0,0,0
452.png,452.jpg,452,Drapion,Drapion,452,Poison,Dark,0,1,0,0,0,0,0,0,0,0,0,0,0,1,0,0,0,0
453.png,453.jpg,453,Croagunk,Croagunk,453,Poison,Fighting,0,0,0,0,0,1,0,0,0,0,0,0,0,1,0,0,0,0
454.png,454.jpg,454,Toxicroak,Toxicroak,454,Poison,Fighting,0,0,0,0,0,1,0,0,0,0,0,0,0,1,0,0,0,0
455.png,455.jpg,455,Carnivine,Carnivine,455,Grass,,0,0,0,0,0,0,0,0,0,1,0,0,0,0,0,0,0,0
456.png,456.jpg,456,Finneon,Finneon,456,Water,,0,0,0,0,0,0,0,0,0,0,0,0,0,0,0,0,0,1
457.png,457.jpg,457,Lumineon,Lumineon,457,Water,,0,0,0,0,0,0,0,0,0,0,0,0,0,0,0,0,0,1
458.png,458.jpg,458,Mantyke,Mantyke,458,Water,Flying,0,0,0,0,0,0,0,1,0,0,0,0,0,0,0,0,0,1
459.png,459.jpg,459,Snover,Snover,459,Grass,Ice,0,0,0,0,0,0,0,0,0,1,0,1,0,0,0,0,0,0
460.png,460.jpg,460,Abomasnow,Abomasnow,460,Grass,Ice,0,0,0,0,0,0,0,0,0,1,0,1,0,0,0,0,0,0
460-mega.png,460-mega.jpg,460-mega,Abomasnow-mega,Abomasnow,460,Grass,Ice,0,0,0,0,0,0,0,0,0,1,0,1,0,0,0,0,0,0
461.png,461.jpg,461,Weavile,Weavile,461,Dark,Ice,0,1,0,0,0,0,0,0,0,0,0,1,0,0,0,0,0,0
462.png,462.jpg,462,Magnezone,Magnezone,462,Electric,Steel,0,0,0,1,0,0,0,0,0,0,0,0,0,0,0,0,1,0
463.png,463.jpg,463,Lickilicky,Lickilicky,463,Normal,,0,0,0,0,0,0,0,0,0,0,0,0,1,0,0,0,0,0
464.png,464.jpg,464,Rhyperior,Rhyperior,464,Ground,Rock,0,0,0,0,0,0,0,0,0,0,1,0,0,0,0,1,0,0
465.png,465.jpg,465,Tangrowth,Tangrowth,465,Grass,,0,0,0,0,0,0,0,0,0,1,0,0,0,0,0,0,0,0
466.png,466.jpg,466,Electivire,Electivire,466,Electric,,0,0,0,1,0,0,0,0,0,0,0,0,0,0,0,0,0,0
467.png,467.jpg,467,Magmortar,Magmortar,467,Fire,,0,0,0,0,0,0,1,0,0,0,0,0,0,0,0,0,0,0
468.png,468.jpg,468,Togekiss,Togekiss,468,Fairy,Flying,0,0,0,0,1,0,0,1,0,0,0,0,0,0,0,0,0,0
469.png,469.jpg,469,Yanmega,Yanmega,469,Bug,Flying,1,0,0,0,0,0,0,1,0,0,0,0,0,0,0,0,0,0
470.png,470.jpg,470,Leafeon,Leafeon,470,Grass,,0,0,0,0,0,0,0,0,0,1,0,0,0,0,0,0,0,0
471.png,471.jpg,471,Glaceon,Glaceon,471,Ice,,0,0,0,0,0,0,0,0,0,0,0,1,0,0,0,0,0,0
472.png,472.jpg,472,Gliscor,Gliscor,472,Ground,Flying,0,0,0,0,0,0,0,1,0,0,1,0,0,0,0,0,0,0
473.png,473.jpg,473,Mamoswine,Mamoswine,473,Ice,Ground,0,0,0,0,0,0,0,0,0,0,1,1,0,0,0,0,0,0
474.png,474.jpg,474,Porygon-Z,Porygon-Z,474,Normal,,0,0,0,0,0,0,0,0,0,0,0,0,1,0,0,0,0,0
475.png,475.jpg,475,Gallade,Gallade,475,Psychic,Fighting,0,0,0,0,0,1,0,0,0,0,0,0,0,0,1,0,0,0
475-mega.png,475-mega.jpg,475-mega,Gallade-mega,Gallade,475,Psychic,Fighting,0,0,0,0,0,1,0,0,0,0,0,0,0,0,1,0,0,0
476.png,476.jpg,476,Probopass,Probopass,476,Rock,Steel,0,0,0,0,0,0,0,0,0,0,0,0,0,0,0,1,1,0
477.png,477.jpg,477,Dusknoir,Dusknoir,477,Ghost,,0,0,0,0,0,0,0,0,1,0,0,0,0,0,0,0,0,0
478.png,478.jpg,478,Froslass,Froslass,478,Ice,Ghost,0,0,0,0,0,0,0,0,1,0,0,1,0,0,0,0,0,0
479.png,479.jpg,479,Rotom,Rotom,479,Electric,Ghost,0,0,0,1,0,0,0,0,1,0,0,0,0,0,0,0,0,0
479-fan.png,479-fan.jpg,479-fan,Rotom-fan,Rotom-fan,479,Electric,Flying,0,0,0,1,0,0,0,1,0,0,0,0,0,0,0,0,0,0
479-frost.png,479-frost.jpg,479-frost,Rotom-frost,Rotom-frost,479,Electric,Ice,0,0,0,1,0,0,0,0,0,0,0,1,0,0,0,0,0,0
479-heat.png,479-heat.jpg,479-heat,Rotom-heat,Rotom-heat,479,Electric,Fire,0,0,0,1,0,0,1,0,0,0,0,0,0,0,0,0,0,0
479-mow.png,479-mow.jpg,479-mow,Rotom-mow,Rotom-mow,479,Electric,Grass,0,0,0,1,0,0,0,0,0,1,0,0,0,0,0,0,0,0
479-wash.png,479-wash.jpg,479-wash,Rotom-wash,Rotom-wash,479,Electric,Water,0,0,0,1,0,0,0,0,0,0,0,0,0,0,0,0,0,1
480.png,480.jpg,480,Uxie,Uxie,480,Psychic,,0,0,0,0,0,0,0,0,0,0,0,0,0,0,1,0,0,0
481.png,481.jpg,481,Mesprit,Mesprit,481,Psychic,,0,0,0,0,0,0,0,0,0,0,0,0,0,0,1,0,0,0
482.png,482.jpg,482,Azelf,Azelf,482,Psychic,,0,0,0,0,0,0,0,0,0,0,0,0,0,0,1,0,0,0
483.png,483.jpg,483,Dialga,Dialga,483,Steel,Dragon,0,0,1,0,0,0,0,0,0,0,0,0,0,0,0,0,1,0
484.png,484.jpg,484,Palkia,Palkia,484,Water,Dragon,0,0,1,0,0,0,0,0,0,0,0,0,0,0,0,0,0,1
485.png,485.jpg,485,Heatran,Heatran,485,Fire,Steel,0,0,0,0,0,0,1,0,0,0,0,0,0,0,0,0,1,0
486.png,486.jpg,486,Regigigas,Regigigas,486,Normal,,0,0,0,0,0,0,0,0,0,0,0,0,1,0,0,0,0,0
487-altered.png,487-altered.jpg,487-altered,Giratina-altered,Giratina,487,Ghost,Dragon,0,0,1,0,0,0,0,0,1,0,0,0,0,0,0,0,0,0
487-origin.png,487-origin.jpg,487-origin,Giratina-origin,Giratina,487,Ghost,Dragon,0,0,1,0,0,0,0,0,1,0,0,0,0,0,0,0,0,0
488.png,488.jpg,488,Cresselia,Cresselia,488,Psychic,,0,0,0,0,0,0,0,0,0,0,0,0,0,0,1,0,0,0
489.png,489.jpg,489,Phione,Phione,489,Water,,0,0,0,0,0,0,0,0,0,0,0,0,0,0,0,0,0,1
490.png,490.jpg,490,Manaphy,Manaphy,490,Water,,0,0,0,0,0,0,0,0,0,0,0,0,0,0,0,0,0,1
491.png,491.jpg,491,Darkrai,Darkrai,491,Dark,,0,1,0,0,0,0,0,0,0,0,0,0,0,0,0,0,0,0
492-land.png,492-land.jpg,492-land,Shaymin-land,Shaymin-land,492,Grass,,0,0,0,0,0,0,0,0,0,1,0,0,0,0,0,0,0,0
492-sky.png,492-sky.jpg,492-sky,Shaymin-sky,Shaymin-sky,492,Grass,Flying,0,0,0,0,0,0,0,1,0,1,0,0,0,0,0,0,0,0
493-normal.png,493-normal.jpg,493-normal,Arceus-normal,Arceus,493,Normal,,0,0,0,0,0,0,0,0,0,0,0,0,1,0,0,0,0,0
494.png,494.jpg,494,Victini,Victini,494,Psychic,Fire,0,0,0,0,0,0,1,0,0,0,0,0,0,0,1,0,0,0
495.png,495.jpg,495,Snivy,Snivy,495,Grass,,0,0,0,0,0,0,0,0,0,1,0,0,0,0,0,0,0,0
496.png,496.jpg,496,Servine,Servine,496,Grass,,0,0,0,0,0,0,0,0,0,1,0,0,0,0,0,0,0,0
497.png,497.jpg,497,Serperior,Serperior,497,Grass,,0,0,0,0,0,0,0,0,0,1,0,0,0,0,0,0,0,0
498.png,498.jpg,498,Tepig,Tepig,498,Fire,,0,0,0,0,0,0,1,0,0,0,0,0,0,0,0,0,0,0
499.png,499.jpg,499,Pignite,Pignite,499,Fire,Fighting,0,0,0,0,0,1,1,0,0,0,0,0,0,0,0,0,0,0
500.png,500.jpg,500,Emboar,Emboar,500,Fire,Fighting,0,0,0,0,0,1,1,0,0,0,0,0,0,0,0,0,0,0
501.png,501.jpg,501,Oshawott,Oshawott,501,Water,,0,0,0,0,0,0,0,0,0,0,0,0,0,0,0,0,0,1
502.png,502.jpg,502,Dewott,Dewott,502,Water,,0,0,0,0,0,0,0,0,0,0,0,0,0,0,0,0,0,1
503.png,503.jpg,503,Samurott,Samurott,503,Water,,0,0,0,0,0,0,0,0,0,0,0,0,0,0,0,0,0,1
504.png,504.jpg,504,Patrat,Patrat,504,Normal,,0,0,0,0,0,0,0,0,0,0,0,0,1,0,0,0,0,0
505.png,505.jpg,505,Watchog,Watchog,505,Normal,,0,0,0,0,0,0,0,0,0,0,0,0,1,0,0,0,0,0
506.png,506.jpg,506,Lillipup,Lillipup,506,Normal,,0,0,0,0,0,0,0,0,0,0,0,0,1,0,0,0,0,0
507.png,507.jpg,507,Herdier,Herdier,507,Normal,,0,0,0,0,0,0,0,0,0,0,0,0,1,0,0,0,0,0
508.png,508.jpg,508,Stoutland,Stoutland,508,Normal,,0,0,0,0,0,0,0,0,0,0,0,0,1,0,0,0,0,0
509.png,509.jpg,509,Purrloin,Purrloin,509,Dark,,0,1,0,0,0,0,0,0,0,0,0,0,0,0,0,0,0,0
510.png,510.jpg,510,Liepard,Liepard,510,Dark,,0,1,0,0,0,0,0,0,0,0,0,0,0,0,0,0,0,0
511.png,511.jpg,511,Pansage,Pansage,511,Grass,,0,0,0,0,0,0,0,0,0,1,0,0,0,0,0,0,0,0
512.png,512.jpg,512,Simisage,Simisage,512,Grass,,0,0,0,0,0,0,0,0,0,1,0,0,0,0,0,0,0,0
513.png,513.jpg,513,Pansear,Pansear,513,Fire,,0,0,0,0,0,0,1,0,0,0,0,0,0,0,0,0,0,0
514.png,514.jpg,514,Simisear,Simisear,514,Fire,,0,0,0,0,0,0,1,0,0,0,0,0,0,0,0,0,0,0
515.png,515.jpg,515,Panpour,Panpour,515,Water,,0,0,0,0,0,0,0,0,0,0,0,0,0,0,0,0,0,1
516.png,516.jpg,516,Simipour,Simipour,516,Water,,0,0,0,0,0,0,0,0,0,0,0,0,0,0,0,0,0,1
517.png,517.jpg,517,Munna,Munna,517,Psychic,,0,0,0,0,0,0,0,0,0,0,0,0,0,0,1,0,0,0
518.png,518.jpg,518,Musharna,Musharna,518,Psychic,,0,0,0,0,0,0,0,0,0,0,0,0,0,0,1,0,0,0
519.png,519.jpg,519,Pidove,Pidove,519,Normal,Flying,0,0,0,0,0,0,0,1,0,0,0,0,1,0,0,0,0,0
520.png,520.jpg,520,Tranquill,Tranquill,520,Normal,Flying,0,0,0,0,0,0,0,1,0,0,0,0,1,0,0,0,0,0
521.png,521.jpg,521,Unfezant,Unfezant,521,Normal,Flying,0,0,0,0,0,0,0,1,0,0,0,0,1,0,0,0,0,0
521-f.png,521-f.jpg,521-f,Unfezant-f,Unfezant,521,Normal,Flying,0,0,0,0,0,0,0,1,0,0,0,0,1,0,0,0,0,0
522.png,522.jpg,522,Blitzle,Blitzle,522,Electric,,0,0,0,1,0,0,0,0,0,0,0,0,0,0,0,0,0,0
523.png,523.jpg,523,Zebstrika,Zebstrika,523,Electric,,0,0,0,1,0,0,0,0,0,0,0,0,0,0,0,0,0,0
524.png,524.jpg,524,Roggenrola,Roggenrola,524,Rock,,0,0,0,0,0,0,0,0,0,0,0,0,0,0,0,1,0,0
525.png,525.jpg,525,Boldore,Boldore,525,Rock,,0,0,0,0,0,0,0,0,0,0,0,0,0,0,0,1,0,0
526.png,526.jpg,526,Gigalith,Gigalith,526,Rock,,0,0,0,0,0,0,0,0,0,0,0,0,0,0,0,1,0,0
527.png,527.jpg,527,Woobat,Woobat,527,Psychic,Flying,0,0,0,0,0,0,0,1,0,0,0,0,0,0,1,0,0,0
528.png,528.jpg,528,Swoobat,Swoobat,528,Psychic,Flying,0,0,0,0,0,0,0,1,0,0,0,0,0,0,1,0,0,0
529.png,529.jpg,529,Drilbur,Drilbur,529,Ground,,0,0,0,0,0,0,0,0,0,0,1,0,0,0,0,0,0,0
530.png,530.jpg,530,Excadrill,Excadrill,530,Ground,Steel,0,0,0,0,0,0,0,0,0,0,1,0,0,0,0,0,1,0
531.png,531.jpg,531,Audino,Audino,531,Normal,,0,0,0,0,0,0,0,0,0,0,0,0,1,0,0,0,0,0
531-mega.png,531-mega.jpg,531-mega,Audino-mega,Audino,531,Normal,Fairy,0,0,0,0,1,0,0,0,0,0,0,0,1,0,0,0,0,0
532.png,532.jpg,532,Timburr,Timburr,532,Fighting,,0,0,0,0,0,1,0,0,0,0,0,0,0,0,0,0,0,0
533.png,533.jpg,533,Gurdurr,Gurdurr,533,Fighting,,0,0,0,0,0,1,0,0,0,0,0,0,0,0,0,0,0,0
534.png,534.jpg,534,Conkeldurr,Conkeldurr,534,Fighting,,0,0,0,0,0,1,0,0,0,0,0,0,0,0,0,0,0,0
535.png,535.jpg,535,Tympole,Tympole,535,Water,,0,0,0,0,0,0,0,0,0,0,0,0,0,0,0,0,0,1
536.png,536.jpg,536,Palpitoad,Palpitoad,536,Water,Ground,0,0,0,0,0,0,0,0,0,0,1,0,0,0,0,0,0,1
537.png,537.jpg,537,Seismitoad,Seismitoad,537,Water,Ground,0,0,0,0,0,0,0,0,0,0,1,0,0,0,0,0,0,1
538.png,538.jpg,538,Throh,Throh,538,Fighting,,0,0,0,0,0,1,0,0,0,0,0,0,0,0,0,0,0,0
539.png,539.jpg,539,Sawk,Sawk,539,Fighting,,0,0,0,0,0,1,0,0,0,0,0,0,0,0,0,0,0,0
540.png,540.jpg,540,Sewaddle,Sewaddle,540,Bug,Grass,1,0,0,0,0,0,0,0,0,1,0,0,0,0,0,0,0,0
541.png,541.jpg,541,Swadloon,Swadloon,541,Bug,Grass,1,0,0,0,0,0,0,0,0,1,0,0,0,0,0,0,0,0
542.png,542.jpg,542,Leavanny,Leavanny,542,Bug,Grass,1,0,0,0,0,0,0,0,0,1,0,0,0,0,0,0,0,0
543.png,543.jpg,543,Venipede,Venipede,543,Bug,Poison,1,0,0,0,0,0,0,0,0,0,0,0,0,1,0,0,0,0
544.png,544.jpg,544,Whirlipede,Whirlipede,544,Bug,Poison,1,0,0,0,0,0,0,0,0,0,0,0,0,1,0,0,0,0
545.png,545.jpg,545,Scolipede,Scolipede,545,Bug,Poison,1,0,0,0,0,0,0,0,0,0,0,0,0,1,0,0,0,0
546.png,546.jpg,546,Cottonee,Cottonee,546,Grass,Fairy,0,0,0,0,1,0,0,0,0,1,0,0,0,0,0,0,0,0
547.png,547.jpg,547,Whimsicott,Whimsicott,547,Grass,Fairy,0,0,0,0,1,0,0,0,0,1,0,0,0,0,0,0,0,0
548.png,548.jpg,548,Petilil,Petilil,548,Grass,,0,0,0,0,0,0,0,0,0,1,0,0,0,0,0,0,0,0
549.png,549.jpg,549,Lilligant,Lilligant,549,Grass,,0,0,0,0,0,0,0,0,0,1,0,0,0,0,0,0,0,0
550-blue-striped.png,550-blue-striped.jpg,550-blue-striped,Basculin-blue-striped,Basculin,550,Water,,0,0,0,0,0,0,0,0,0,0,0,0,0,0,0,0,0,1
550-red-striped.png,550-red-striped.jpg,550-red-striped,Basculin-red-striped,Basculin,550,Water,,0,0,0,0,0,0,0,0,0,0,0,0,0,0,0,0,0,1
551.png,551.jpg,551,Sandile,Sandile,551,Ground,Dark,0,1,0,0,0,0,0,0,0,0,1,0,0,0,0,0,0,0
552.png,552.jpg,552,Krokorok,Krokorok,552,Ground,Dark,0,1,0,0,0,0,0,0,0,0,1,0,0,0,0,0,0,0
553.png,553.jpg,553,Krookodile,Krookodile,553,Ground,Dark,0,1,0,0,0,0,0,0,0,0,1,0,0,0,0,0,0,0
554.png,554.jpg,554,Darumaka,Darumaka,554,Fire,,0,0,0,0,0,0,1,0,0,0,0,0,0,0,0,0,0,0
555-standard.png,555-standard.jpg,555-standard,Darmanitan-standard,Darmanitan,555,Fire,,0,0,0,0,0,0,1,0,0,0,0,0,0,0,0,0,0,0
556.png,556.jpg,556,Maractus,Maractus,556,Grass,,0,0,0,0,0,0,0,0,0,1,0,0,0,0,0,0,0,0
557.png,557.jpg,557,Dwebble,Dwebble,557,Bug,Rock,1,0,0,0,0,0,0,0,0,0,0,0,0,0,0,1,0,0
558.png,558.jpg,558,Crustle,Crustle,558,Bug,Rock,1,0,0,0,0,0,0,0,0,0,0,0,0,0,0,1,0,0
559.png,559.jpg,559,Scraggy,Scraggy,559,Dark,Fighting,0,1,0,0,0,1,0,0,0,0,0,0,0,0,0,0,0,0
560.png,560.jpg,560,Scrafty,Scrafty,560,Dark,Fighting,0,1,0,0,0,1,0,0,0,0,0,0,0,0,0,0,0,0
561.png,561.jpg,561,Sigilyph,Sigilyph,561,Psychic,Flying,0,0,0,0,0,0,0,1,0,0,0,0,0,0,1,0,0,0
562.png,562.jpg,562,Yamask,Yamask,562,Ghost,,0,0,0,0,0,0,0,0,1,0,0,0,0,0,0,0,0,0
563.png,563.jpg,563,Cofagrigus,Cofagrigus,563,Ghost,,0,0,0,0,0,0,0,0,1,0,0,0,0,0,0,0,0,0
564.png,564.jpg,564,Tirtouga,Tirtouga,564,Water,Rock,0,0,0,0,0,0,0,0,0,0,0,0,0,0,0,1,0,1
565.png,565.jpg,565,Carracosta,Carracosta,565,Water,Rock,0,0,0,0,0,0,0,0,0,0,0,0,0,0,0,1,0,1
566.png,566.jpg,566,Archen,Archen,566,Rock,Flying,0,0,0,0,0,0,0,1,0,0,0,0,0,0,0,1,0,0
567.png,567.jpg,567,Archeops,Archeops,567,Rock,Flying,0,0,0,0,0,0,0,1,0,0,0,0,0,0,0,1,0,0
568.png,568.jpg,568,Trubbish,Trubbish,568,Poison,,0,0,0,0,0,0,0,0,0,0,0,0,0,1,0,0,0,0
569.png,569.jpg,569,Garbodor,Garbodor,569,Poison,,0,0,0,0,0,0,0,0,0,0,0,0,0,1,0,0,0,0
570.png,570.jpg,570,Zorua,Zorua,570,Dark,,0,1,0,0,0,0,0,0,0,0,0,0,0,0,0,0,0,0
571.png,571.jpg,571,Zoroark,Zoroark,571,Dark,,0,1,0,0,0,0,0,0,0,0,0,0,0,0,0,0,0,0
572.png,572.jpg,572,Minccino,Minccino,572,Normal,,0,0,0,0,0,0,0,0,0,0,0,0,1,0,0,0,0,0
573.png,573.jpg,573,Cinccino,Cinccino,573,Normal,,0,0,0,0,0,0,0,0,0,0,0,0,1,0,0,0,0,0
574.png,574.jpg,574,Gothita,Gothita,574,Psychic,,0,0,0,0,0,0,0,0,0,0,0,0,0,0,1,0,0,0
575.png,575.jpg,575,Gothorita,Gothorita,575,Psychic,,0,0,0,0,0,0,0,0,0,0,0,0,0,0,1,0,0,0
576.png,576.jpg,576,Gothitelle,Gothitelle,576,Psychic,,0,0,0,0,0,0,0,0,0,0,0,0,0,0,1,0,0,0
577.png,577.jpg,577,Solosis,Solosis,577,Psychic,,0,0,0,0,0,0,0,0,0,0,0,0,0,0,1,0,0,0
578.png,578.jpg,578,Duosion,Duosion,578,Psychic,,0,0,0,0,0,0,0,0,0,0,0,0,0,0,1,0,0,0
579.png,579.jpg,579,Reuniclus,Reuniclus,579,Psychic,,0,0,0,0,0,0,0,0,0,0,0,0,0,0,1,0,0,0
580.png,580.jpg,580,Ducklett,Ducklett,580,Water,Flying,0,0,0,0,0,0,0,1,0,0,0,0,0,0,0,0,0,1
581.png,581.jpg,581,Swanna,Swanna,581,Water,Flying,0,0,0,0,0,0,0,1,0,0,0,0,0,0,0,0,0,1
582.png,582.jpg,582,Vanillite,Vanillite,582,Ice,,0,0,0,0,0,0,0,0,0,0,0,1,0,0,0,0,0,0
583.png,583.jpg,583,Vanillish,Vanillish,583,Ice,,0,0,0,0,0,0,0,0,0,0,0,1,0,0,0,0,0,0
584.png,584.jpg,584,Vanilluxe,Vanilluxe,584,Ice,,0,0,0,0,0,0,0,0,0,0,0,1,0,0,0,0,0,0
585-autumn.png,585-autumn.jpg,585-autumn,Deerling-autumn,Deerling,585,Normal,Grass,0,0,0,0,0,0,0,0,0,1,0,0,1,0,0,0,0,0
585-spring.png,585-spring.jpg,585-spring,Deerling-spring,Deerling,585,Normal,Grass,0,0,0,0,0,0,0,0,0,1,0,0,1,0,0,0,0,0
585-summer.png,585-summer.jpg,585-summer,Deerling-summer,Deerling,585,Normal,Grass,0,0,0,0,0,0,0,0,0,1,0,0,1,0,0,0,0,0
585-winter.png,585-winter.jpg,585-winter,Deerling-winter,Deerling,585,Normal,Grass,0,0,0,0,0,0,0,0,0,1,0,0,1,0,0,0,0,0
586-autumn.png,586-autumn.jpg,586-autumn,Sawsbuck-autumn,Sawsbuck,586,Normal,Grass,0,0,0,0,0,0,0,0,0,1,0,0,1,0,0,0,0,0
586-spring.png,586-spring.jpg,586-spring,Sawsbuck-spring,Sawsbuck,586,Normal,Grass,0,0,0,0,0,0,0,0,0,1,0,0,1,0,0,0,0,0
586-summer.png,586-summer.jpg,586-summer,Sawsbuck-summer,Sawsbuck,586,Normal,Grass,0,0,0,0,0,0,0,0,0,1,0,0,1,0,0,0,0,0
586-winter.png,586-winter.jpg,586-winter,Sawsbuck-winter,Sawsbuck,586,Normal,Grass,0,0,0,0,0,0,0,0,0,1,0,0,1,0,0,0,0,0
587.png,587.jpg,587,Emolga,Emolga,587,Electric,Flying,0,0,0,1,0,0,0,1,0,0,0,0,0,0,0,0,0,0
588.png,588.jpg,588,Karrablast,Karrablast,588,Bug,,1,0,0,0,0,0,0,0,0,0,0,0,0,0,0,0,0,0
589.png,589.jpg,589,Escavalier,Escavalier,589,Bug,Steel,1,0,0,0,0,0,0,0,0,0,0,0,0,0,0,0,1,0
590.png,590.jpg,590,Foongus,Foongus,590,Grass,Poison,0,0,0,0,0,0,0,0,0,1,0,0,0,1,0,0,0,0
591.png,591.jpg,591,Amoonguss,Amoonguss,591,Grass,Poison,0,0,0,0,0,0,0,0,0,1,0,0,0,1,0,0,0,0
592.png,592.jpg,592,Frillish,Frillish,592,Water,Ghost,0,0,0,0,0,0,0,0,1,0,0,0,0,0,0,0,0,1
592-f.png,592-f.jpg,592-f,Frillish-f,Frillish,592,Water,Ghost,0,0,0,0,0,0,0,0,1,0,0,0,0,0,0,0,0,1
593.png,593.jpg,593,Jellicent,Jellicent,593,Water,Ghost,0,0,0,0,0,0,0,0,1,0,0,0,0,0,0,0,0,1
593-f.png,593-f.jpg,593-f,Jellicent-f,Jellicent,593,Water,Ghost,0,0,0,0,0,0,0,0,1,0,0,0,0,0,0,0,0,1
594.png,594.jpg,594,Alomomola,Alomomola,594,Water,,0,0,0,0,0,0,0,0,0,0,0,0,0,0,0,0,0,1
595.png,595.jpg,595,Joltik,Joltik,595,Bug,Electric,1,0,0,1,0,0,0,0,0,0,0,0,0,0,0,0,0,0
596.png,596.jpg,596,Galvantula,Galvantula,596,Bug,Electric,1,0,0,1,0,0,0,0,0,0,0,0,0,0,0,0,0,0
597.png,597.jpg,597,Ferroseed,Ferroseed,597,Grass,Steel,0,0,0,0,0,0,0,0,0,1,0,0,0,0,0,0,1,0
598.png,598.jpg,598,Ferrothorn,Ferrothorn,598,Grass,Steel,0,0,0,0,0,0,0,0,0,1,0,0,0,0,0,0,1,0
599.png,599.jpg,599,Klink,Klink,599,Steel,,0,0,0,0,0,0,0,0,0,0,0,0,0,0,0,0,1,0
600.png,600.jpg,600,Klang,Klang,600,Steel,,0,0,0,0,0,0,0,0,0,0,0,0,0,0,0,0,1,0
601.png,601.jpg,601,Klinklang,Klinklang,601,Steel,,0,0,0,0,0,0,0,0,0,0,0,0,0,0,0,0,1,0
602.png,602.jpg,602,Tynamo,Tynamo,602,Electric,,0,0,0,1,0,0,0,0,0,0,0,0,0,0,0,0,0,0
603.png,603.jpg,603,Eelektrik,Eelektrik,603,Electric,,0,0,0,1,0,0,0,0,0,0,0,0,0,0,0,0,0,0
604.png,604.jpg,604,Eelektross,Eelektross,604,Electric,,0,0,0,1,0,0,0,0,0,0,0,0,0,0,0,0,0,0
605.png,605.jpg,605,Elgyem,Elgyem,605,Psychic,,0,0,0,0,0,0,0,0,0,0,0,0,0,0,1,0,0,0
606.png,606.jpg,606,Beheeyem,Beheeyem,606,Psychic,,0,0,0,0,0,0,0,0,0,0,0,0,0,0,1,0,0,0
607.png,607.jpg,607,Litwick,Litwick,607,Ghost,Fire,0,0,0,0,0,0,1,0,1,0,0,0,0,0,0,0,0,0
608.png,608.jpg,608,Lampent,Lampent,608,Ghost,Fire,0,0,0,0,0,0,1,0,1,0,0,0,0,0,0,0,0,0
609.png,609.jpg,609,Chandelure,Chandelure,609,Ghost,Fire,0,0,0,0,0,0,1,0,1,0,0,0,0,0,0,0,0,0
610.png,610.jpg,610,Axew,Axew,610,Dragon,,0,0,1,0,0,0,0,0,0,0,0,0,0,0,0,0,0,0
611.png,611.jpg,611,Fraxure,Fraxure,611,Dragon,,0,0,1,0,0,0,0,0,0,0,0,0,0,0,0,0,0,0
612.png,612.jpg,612,Haxorus,Haxorus,612,Dragon,,0,0,1,0,0,0,0,0,0,0,0,0,0,0,0,0,0,0
613.png,613.jpg,613,Cubchoo,Cubchoo,613,Ice,,0,0,0,0,0,0,0,0,0,0,0,1,0,0,0,0,0,0
614.png,614.jpg,614,Beartic,Beartic,614,Ice,,0,0,0,0,0,0,0,0,0,0,0,1,0,0,0,0,0,0
615.png,615.jpg,615,Cryogonal,Cryogonal,615,Ice,,0,0,0,0,0,0,0,0,0,0,0,1,0,0,0,0,0,0
616.png,616.jpg,616,Shelmet,Shelmet,616,Bug,,1,0,0,0,0,0,0,0,0,0,0,0,0,0,0,0,0,0
617.png,617.jpg,617,Accelgor,Accelgor,617,Bug,,1,0,0,0,0,0,0,0,0,0,0,0,0,0,0,0,0,0
618.png,618.jpg,618,Stunfisk,Stunfisk,618,Ground,Electric,0,0,0,1,0,0,0,0,0,0,1,0,0,0,0,0,0,0
619.png,619.jpg,619,Mienfoo,Mienfoo,619,Fighting,,0,0,0,0,0,1,0,0,0,0,0,0,0,0,0,0,0,0
620.png,620.jpg,620,Mienshao,Mienshao,620,Fighting,,0,0,0,0,0,1,0,0,0,0,0,0,0,0,0,0,0,0
621.png,621.jpg,621,Druddigon,Druddigon,621,Dragon,,0,0,1,0,0,0,0,0,0,0,0,0,0,0,0,0,0,0
622.png,622.jpg,622,Golett,Golett,622,Ground,Ghost,0,0,0,0,0,0,0,0,1,0,1,0,0,0,0,0,0,0
623.png,623.jpg,623,Golurk,Golurk,623,Ground,Ghost,0,0,0,0,0,0,0,0,1,0,1,0,0,0,0,0,0,0
624.png,624.jpg,624,Pawniard,Pawniard,624,Dark,Steel,0,1,0,0,0,0,0,0,0,0,0,0,0,0,0,0,1,0
625.png,625.jpg,625,Bisharp,Bisharp,625,Dark,Steel,0,1,0,0,0,0,0,0,0,0,0,0,0,0,0,0,1,0
626.png,626.jpg,626,Bouffalant,Bouffalant,626,Normal,,0,0,0,0,0,0,0,0,0,0,0,0,1,0,0,0,0,0
627.png,627.jpg,627,Rufflet,Rufflet,627,Normal,Flying,0,0,0,0,0,0,0,1,0,0,0,0,1,0,0,0,0,0
628.png,628.jpg,628,Braviary,Braviary,628,Normal,Flying,0,0,0,0,0,0,0,1,0,0,0,0,1,0,0,0,0,0
629.png,629.jpg,629,Vullaby,Vullaby,629,Dark,Flying,0,1,0,0,0,0,0,1,0,0,0,0,0,0,0,0,0,0
630.png,630.jpg,630,Mandibuzz,Mandibuzz,630,Dark,Flying,0,1,0,0,0,0,0,1,0,0,0,0,0,0,0,0,0,0
631.png,631.jpg,631,Heatmor,Heatmor,631,Fire,,0,0,0,0,0,0,1,0,0,0,0,0,0,0,0,0,0,0
632.png,632.jpg,632,Durant,Durant,632,Bug,Steel,1,0,0,0,0,0,0,0,0,0,0,0,0,0,0,0,1,0
633.png,633.jpg,633,Deino,Deino,633,Dark,Dragon,0,1,1,0,0,0,0,0,0,0,0,0,0,0,0,0,0,0
634.png,634.jpg,634,Zweilous,Zweilous,634,Dark,Dragon,0,1,1,0,0,0,0,0,0,0,0,0,0,0,0,0,0,0
635.png,635.jpg,635,Hydreigon,Hydreigon,635,Dark,Dragon,0,1,1,0,0,0,0,0,0,0,0,0,0,0,0,0,0,0
636.png,636.jpg,636,Larvesta,Larvesta,636,Bug,Fire,1,0,0,0,0,0,1,0,0,0,0,0,0,0,0,0,0,0
637.png,637.jpg,637,Volcarona,Volcarona,637,Bug,Fire,1,0,0,0,0,0,1,0,0,0,0,0,0,0,0,0,0,0
638.png,638.jpg,638,Cobalion,Cobalion,638,Steel,Fighting,0,0,0,0,0,1,0,0,0,0,0,0,0,0,0,0,1,0
639.png,639.jpg,639,Terrakion,Terrakion,639,Rock,Fighting,0,0,0,0,0,1,0,0,0,0,0,0,0,0,0,1,0,0
640.png,640.jpg,640,Virizion,Virizion,640,Grass,Fighting,0,0,0,0,0,1,0,0,0,1,0,0,0,0,0,0,0,0
641-incarnate.png,641-incarnate.jpg,641-incarnate,Tornadus-incarnate,Tornadus,641,Flying,,0,0,0,0,0,0,0,1,0,0,0,0,0,0,0,0,0,0
641-therian.png,641-therian.jpg,641-therian,Tornadus-therian,Tornadus,641,Flying,,0,0,0,0,0,0,0,1,0,0,0,0,0,0,0,0,0,0
642-incarnate.png,642-incarnate.jpg,642-incarnate,Thundurus-incarnate,Thundurus,642,Electric,Flying,0,0,0,1,0,0,0,1,0,0,0,0,0,0,0,0,0,0
642-therian.png,642-therian.jpg,642-therian,Thundurus-therian,Thundurus,642,Electric,Flying,0,0,0,1,0,0,0,1,0,0,0,0,0,0,0,0,0,0
643.png,643.jpg,643,Reshiram,Reshiram,643,Dragon,Fire,0,0,1,0,0,0,1,0,0,0,0,0,0,0,0,0,0,0
644.png,644.jpg,644,Zekrom,Zekrom,644,Dragon,Electric,0,0,1,1,0,0,0,0,0,0,0,0,0,0,0,0,0,0
645-incarnate.png,645-incarnate.jpg,645-incarnate,Landorus-incarnate,Landorus,645,Ground,Flying,0,0,0,0,0,0,0,1,0,0,1,0,0,0,0,0,0,0
645-therian.png,645-therian.jpg,645-therian,Landorus-therian,Landorus,645,Ground,Flying,0,0,0,0,0,0,0,1,0,0,1,0,0,0,0,0,0,0
646.png,646.jpg,646,Kyurem,Kyurem,646,Dragon,Ice,0,0,1,0,0,0,0,0,0,0,0,1,0,0,0,0,0,0
646-black.png,646-black.jpg,646-black,Kyurem-black,Kyurem,646,Dragon,Ice,0,0,1,0,0,0,0,0,0,0,0,1,0,0,0,0,0,0
646-white.png,646-white.jpg,646-white,Kyurem-white,Kyurem,646,Dragon,Ice,0,0,1,0,0,0,0,0,0,0,0,1,0,0,0,0,0,0
647-ordinary.png,647-ordinary.jpg,647-ordinary,Keldeo-ordinary,Keldeo,647,Water,Fighting,0,0,0,0,0,1,0,0,0,0,0,0,0,0,0,0,0,1
647-resolute.png,647-resolute.jpg,647-resolute,Keldeo-resolute,Keldeo,647,Water,Fighting,0,0,0,0,0,1,0,0,0,0,0,0,0,0,0,0,0,1
648.png,648.jpg,648,Meloetta,Meloetta,648,Normal,Psychic,0,0,0,0,0,0,0,0,0,0,0,0,1,0,1,0,0,0
648-pirouette.png,648-pirouette.jpg,648-pirouette,Meloetta-pirouette,Meloetta-pirouette,648,Normal,Fighting,0,0,0,0,0,1,0,0,0,0,0,0,1,0,0,0,0,0
649.png,649.jpg,649,Genesect,Genesect,649,Bug,Steel,1,0,0,0,0,0,0,0,0,0,0,0,0,0,0,0,1,0
650.png,650.jpg,650,Chespin,Chespin,650,Grass,,0,0,0,0,0,0,0,0,0,1,0,0,0,0,0,0,0,0
651.png,651.jpg,651,Quilladin,Quilladin,651,Grass,,0,0,0,0,0,0,0,0,0,1,0,0,0,0,0,0,0,0
652.png,652.jpg,652,Chesnaught,Chesnaught,652,Grass,Fighting,0,0,0,0,0,1,0,0,0,1,0,0,0,0,0,0,0,0
653.png,653.jpg,653,Fennekin,Fennekin,653,Fire,,0,0,0,0,0,0,1,0,0,0,0,0,0,0,0,0,0,0
654.png,654.jpg,654,Braixen,Braixen,654,Fire,,0,0,0,0,0,0,1,0,0,0,0,0,0,0,0,0,0,0
655.png,655.jpg,655,Delphox,Delphox,655,Fire,Psychic,0,0,0,0,0,0,1,0,0,0,0,0,0,0,1,0,0,0
656.png,656.jpg,656,Froakie,Froakie,656,Water,,0,0,0,0,0,0,0,0,0,0,0,0,0,0,0,0,0,1
657.png,657.jpg,657,Frogadier,Frogadier,657,Water,,0,0,0,0,0,0,0,0,0,0,0,0,0,0,0,0,0,1
658.png,658.jpg,658,Greninja,Greninja,658,Water,Dark,0,1,0,0,0,0,0,0,0,0,0,0,0,0,0,0,0,1
659.png,659.jpg,659,Bunnelby,Bunnelby,659,Normal,,0,0,0,0,0,0,0,0,0,0,0,0,1,0,0,0,0,0
660.png,660.jpg,660,Diggersby,Diggersby,660,Normal,Ground,0,0,0,0,0,0,0,0,0,0,1,0,1,0,0,0,0,0
661.png,661.jpg,661,Fletchling,Fletchling,661,Normal,Flying,0,0,0,0,0,0,0,1,0,0,0,0,1,0,0,0,0,0
662.png,662.jpg,662,Fletchinder,Fletchinder,662,Fire,Flying,0,0,0,0,0,0,1,1,0,0,0,0,0,0,0,0,0,0
663.png,663.jpg,663,Talonflame,Talonflame,663,Fire,Flying,0,0,0,0,0,0,1,1,0,0,0,0,0,0,0,0,0,0
664.png,664.jpg,664,Scatterbug,Scatterbug,664,Bug,,1,0,0,0,0,0,0,0,0,0,0,0,0,0,0,0,0,0
665.png,665.jpg,665,Spewpa,Spewpa,665,Bug,,1,0,0,0,0,0,0,0,0,0,0,0,0,0,0,0,0,0
666.png,666.jpg,666,Vivillon,Vivillon,666,Bug,Flying,1,0,0,0,0,0,0,1,0,0,0,0,0,0,0,0,0,0
666-elegant.png,666-elegant.jpg,666-elegant,Vivillon-elegant,Vivillon,666,Bug,Flying,1,0,0,0,0,0,0,1,0,0,0,0,0,0,0,0,0,0
667.png,667.jpg,667,Litleo,Litleo,667,Fire,Normal,0,0,0,0,0,0,1,0,0,0,0,0,1,0,0,0,0,0
668.png,668.jpg,668,Pyroar,Pyroar,668,Fire,Normal,0,0,0,0,0,0,1,0,0,0,0,0,1,0,0,0,0,0
668f.png,668-f.jpg,668-f,Pyroar-f,Pyroar,668,Fire,Normal,0,0,0,0,0,0,1,0,0,0,0,0,1,0,0,0,0,0
669.png,669.jpg,669,Flabébé,Flabébé,669,Fairy,,0,0,0,0,1,0,0,0,0,0,0,0,0,0,0,0,0,0
670.png,670.jpg,670,Floette,Floette,670,Fairy,,0,0,0,0,1,0,0,0,0,0,0,0,0,0,0,0,0,0
671.png,671.jpg,671,Florges,Florges,671,Fairy,,0,0,0,0,1,0,0,0,0,0,0,0,0,0,0,0,0,0
672.png,672.jpg,672,Skiddo,Skiddo,672,Grass,,0,0,0,0,0,0,0,0,0,1,0,0,0,0,0,0,0,0
673.png,673.jpg,673,Gogoat,Gogoat,673,Grass,,0,0,0,0,0,0,0,0,0,1,0,0,0,0,0,0,0,0
674.png,674.jpg,674,Pancham,Pancham,674,Fighting,,0,0,0,0,0,1,0,0,0,0,0,0,0,0,0,0,0,0
675.png,675.jpg,675,Pangoro,Pangoro,675,Fighting,Dark,0,1,0,0,0,1,0,0,0,0,0,0,0,0,0,0,0,0
676.png,676.jpg,676,Furfrou,Furfrou,676,Normal,,0,0,0,0,0,0,0,0,0,0,0,0,1,0,0,0,0,0
676-diamond.png,676-diamond.jpg,676-diamond,Furfrou-diamond,Furfrou,676,Normal,,0,0,0,0,0,0,0,0,0,0,0,0,1,0,0,0,0,0
676-heart.png,676-heart.jpg,676-heart,Furfrou-heart,Furfrou,676,Normal,,0,0,0,0,0,0,0,0,0,0,0,0,1,0,0,0,0,0
676-star.png,676-star.jpg,676-star,Furfrou-star,Furfrou,676,Normal,,0,0,0,0,0,0,0,0,0,0,0,0,1,0,0,0,0,0
677.png,677.jpg,677,Espurr,Espurr,677,Psychic,,0,0,0,0,0,0,0,0,0,0,0,0,0,0,1,0,0,0
678.png,678.jpg,678,Meowstic,Meowstic,678,Psychic,,0,0,0,0,0,0,0,0,0,0,0,0,0,0,1,0,0,0
678-f.png,678-f.jpg,678-f,Meowstic-f,Meowstic,678,Psychic,,0,0,0,0,0,0,0,0,0,0,0,0,0,0,1,0,0,0
679.png,679.jpg,679,Honedge,Honedge,679,Steel,Ghost,0,0,0,0,0,0,0,0,1,0,0,0,0,0,0,0,1,0
680.png,680.jpg,680,Doublade,Doublade,680,Steel,Ghost,0,0,0,0,0,0,0,0,1,0,0,0,0,0,0,0,1,0
681.png,681.jpg,681,Aegislash,Aegislash,681,Steel,Ghost,0,0,0,0,0,0,0,0,1,0,0,0,0,0,0,0,1,0
681-blade.png,681-blade.jpg,681-blade,Aegislash-blade,Aegislash,681,Steel,Ghost,0,0,0,0,0,0,0,0,1,0,0,0,0,0,0,0,1,0
681-shield.png,681-shield.jpg,681-shield,Aegislash-shield,Aegislash,681,Steel,Ghost,0,0,0,0,0,0,0,0,1,0,0,0,0,0,0,0,1,0
682.png,682.jpg,682,Spritzee,Spritzee,682,Fairy,,0,0,0,0,1,0,0,0,0,0,0,0,0,0,0,0,0,0
683.png,683.jpg,683,Aromatisse,Aromatisse,683,Fairy,,0,0,0,0,1,0,0,0,0,0,0,0,0,0,0,0,0,0
684.png,684.jpg,684,Swirlix,Swirlix,684,Fairy,,0,0,0,0,1,0,0,0,0,0,0,0,0,0,0,0,0,0
685.png,685.jpg,685,Slurpuff,Slurpuff,685,Fairy,,0,0,0,0,1,0,0,0,0,0,0,0,0,0,0,0,0,0
686.png,686.jpg,686,Inkay,Inkay,686,Dark,Psychic,0,1,0,0,0,0,0,0,0,0,0,0,0,0,1,0,0,0
687.png,687.jpg,687,Malamar,Malamar,687,Dark,Psychic,0,1,0,0,0,0,0,0,0,0,0,0,0,0,1,0,0,0
688.png,688.jpg,688,Binacle,Binacle,688,Rock,Water,0,0,0,0,0,0,0,0,0,0,0,0,0,0,0,1,0,1
689.png,689.jpg,689,Barbaracle,Barbaracle,689,Rock,Water,0,0,0,0,0,0,0,0,0,0,0,0,0,0,0,1,0,1
690.png,690.jpg,690,Skrelp,Skrelp,690,Poison,Water,0,0,0,0,0,0,0,0,0,0,0,0,0,1,0,0,0,1
691.png,691.jpg,691,Dragalge,Dragalge,691,Poison,Dragon,0,0,1,0,0,0,0,0,0,0,0,0,0,1,0,0,0,0
692.png,692.jpg,692,Clauncher,Clauncher,692,Water,,0,0,0,0,0,0,0,0,0,0,0,0,0,0,0,0,0,1
693.png,693.jpg,693,Clawitzer,Clawitzer,693,Water,,0,0,0,0,0,0,0,0,0,0,0,0,0,0,0,0,0,1
694.png,694.jpg,694,Helioptile,Helioptile,694,Electric,Normal,0,0,0,1,0,0,0,0,0,0,0,0,1,0,0,0,0,0
695.png,695.jpg,695,Heliolisk,Heliolisk,695,Electric,Normal,0,0,0,1,0,0,0,0,0,0,0,0,1,0,0,0,0,0
696.png,696.jpg,696,Tyrunt,Tyrunt,696,Rock,Dragon,0,0,1,0,0,0,0,0,0,0,0,0,0,0,0,1,0,0
697.png,697.jpg,697,Tyrantrum,Tyrantrum,697,Rock,Dragon,0,0,1,0,0,0,0,0,0,0,0,0,0,0,0,1,0,0
698.png,698.jpg,698,Amaura,Amaura,698,Rock,Ice,0,0,0,0,0,0,0,0,0,0,0,1,0,0,0,1,0,0
699.png,699.jpg,699,Aurorus,Aurorus,699,Rock,Ice,0,0,0,0,0,0,0,0,0,0,0,1,0,0,0,1,0,0
700.png,700.jpg,700,Sylveon,Sylveon,700,Fairy,,0,0,0,0,1,0,0,0,0,0,0,0,0,0,0,0,0,0
701.png,701.jpg,701,Hawlucha,Hawlucha,701,Fighting,Flying,0,0,0,0,0,1,0,1,0,0,0,0,0,0,0,0,0,0
702.png,702.jpg,702,Dedenne,Dedenne,702,Electric,Fairy,0,0,0,1,1,0,0,0,0,0,0,0,0,0,0,0,0,0
703.png,703.jpg,703,Carbink,Carbink,703,Rock,Fairy,0,0,0,0,1,0,0,0,0,0,0,0,0,0,0,1,0,0
704.png,704.jpg,704,Goomy,Goomy,704,Dragon,,0,0,1,0,0,0,0,0,0,0,0,0,0,0,0,0,0,0
705.png,705.jpg,705,Sliggoo,Sliggoo,705,Dragon,,0,0,1,0,0,0,0,0,0,0,0,0,0,0,0,0,0,0
706.png,706.jpg,706,Goodra,Goodra,706,Dragon,,0,0,1,0,0,0,0,0,0,0,0,0,0,0,0,0,0,0
707.png,707.jpg,707,Klefki,Klefki,707,Steel,Fairy,0,0,0,0,1,0,0,0,0,0,0,0,0,0,0,0,1,0
708.png,708.jpg,708,Phantump,Phantump,708,Ghost,Grass,0,0,0,0,0,0,0,0,1,1,0,0,0,0,0,0,0,0
709.png,709.jpg,709,Trevenant,Trevenant,709,Ghost,Grass,0,0,0,0,0,0,0,0,1,1,0,0,0,0,0,0,0,0
710.png,710.jpg,710,Pumpkaboo,Pumpkaboo,710,Ghost,Grass,0,0,0,0,0,0,0,0,1,1,0,0,0,0,0,0,0,0
711.png,711.jpg,711,Gourgeist,Gourgeist,711,Ghost,Grass,0,0,0,0,0,0,0,0,1,1,0,0,0,0,0,0,0,0
712.png,712.jpg,712,Bergmite,Bergmite,712,Ice,,0,0,0,0,0,0,0,0,0,0,0,1,0,0,0,0,0,0
713.png,713.jpg,713,Avalugg,Avalugg,713,Ice,,0,0,0,0,0,0,0,0,0,0,0,1,0,0,0,0,0,0
714.png,714.jpg,714,Noibat,Noibat,714,Flying,Dragon,0,0,1,0,0,0,0,1,0,0,0,0,0,0,0,0,0,0
715.png,715.jpg,715,Noivern,Noivern,715,Flying,Dragon,0,0,1,0,0,0,0,1,0,0,0,0,0,0,0,0,0,0
716.png,716.jpg,716,Xerneas,Xerneas,716,Fairy,,0,0,0,0,1,0,0,0,0,0,0,0,0,0,0,0,0,0
717.png,717.jpg,717,Yveltal,Yveltal,717,Dark,Flying,0,1,0,0,0,0,0,1,0,0,0,0,0,0,0,0,0,0
718.png,718.jpg,718,Zygarde,Zygarde,718,Dragon,Ground,0,0,1,0,0,0,0,0,0,0,1,0,0,0,0,0,0,0
719.png,719.jpg,719,Diancie,Diancie,719,Rock,Fairy,0,0,0,0,1,0,0,0,0,0,0,0,0,0,0,1,0,0
719-mega.png,719-mega.jpg,719-mega,Diancie-mega,Diancie,719,Rock,Fairy,0,0,0,0,1,0,0,0,0,0,0,0,0,0,0,1,0,0
720.png,720.jpg,720,Hoopa,Hoopa,720,Psychic,Ghost,0,0,0,0,0,0,0,0,1,0,0,0,0,0,1,0,0,0
720-unbound.png,720-unbound.jpg,720-unbound,Hoopa-unbound,Hoopa-unbound,720,Psychic,Dark,0,1,0,0,0,0,0,0,0,0,0,0,0,0,1,0,0,0
721.png,721.jpg,721,Volcanion,Volcanion,721,Fire,Water,0,0,0,0,0,0,1,0,0,0,0,0,0,0,0,0,0,1
